deployment_id,timestamp,lines_changed,total_lines,code_churn_ratio,author_success_rate,service_failure_rate_7d,is_hotfix,touches_critical_path,test_coverage,build_duration_sec,risk_score,failure_label
build-3468,2025-09-26T16:34:09.721790,1801,17700,0.102,0.73,0.014,False,True,66,201,0.54,0
build-7708,2025-10-05T16:34:09.721790,1904,13545,0.141,0.78,0.015,True,True,79,193,0.17,0
build-4581,2025-09-18T16:34:09.721790,1881,8864,0.212,0.82,0.085,True,False,78,201,0.52,0
build-3393,2025-10-09T16:34:09.721790,1498,10953,0.137,0.78,0.094,False,False,70,265,0.66,0
build-1736,2025-10-01T16:34:09.721790,1820,16511,0.11,0.85,0.093,True,False,66,146,0.15,0
build-3670,2025-10-05T16:34:09.721790,1554,5170,0.301,0.8,0.1,False,True,70,269,0.8,1
build-5442,2025-09-29T16:34:09.721790,1332,8038,0.166,0.89,0.07,True,False,83,232,0.41,0
build-4793,2025-09-28T16:34:09.721790,922,11699,0.079,0.87,0.034,False,True,69,163,0.15,0
build-2397,2025-10-04T16:34:09.721790,648,8454,0.077,0.71,0.083,False,True,90,163,0.37,0
build-3111,2025-09-12T16:34:09.721790,965,14701,0.066,0.82,0.026,False,False,87,232,0.55,0
build-1236,2025-09-17T16:34:09.721790,1108,12727,0.087,0.87,0.059,True,False,72,128,0.59,0
build-6519,2025-09-29T16:34:09.721790,1194,8625,0.138,0.82,0.059,True,False,61,202,0.17,0
build-7977,2025-10-02T16:34:09.721790,374,11101,0.034,0.88,0.041,False,False,73,279,0.78,1
build-6544,2025-09-13T16:34:09.721790,1777,10138,0.175,0.93,0.052,True,True,69,241,0.78,1
build-4839,2025-10-10T16:34:09.721790,1417,8757,0.162,0.72,0.084,False,True,69,236,0.78,1
build-1532,2025-09-13T16:34:09.721790,768,13529,0.057,0.84,0.03,True,True,65,283,0.2,0
build-5886,2025-09-22T16:34:09.721790,1076,8682,0.124,0.81,0.066,False,False,71,184,0.56,0
build-9598,2025-10-06T16:34:09.721790,390,15031,0.026,0.89,0.024,False,True,81,229,0.45,0
build-1214,2025-09-16T16:34:09.721790,780,10324,0.076,0.9,0.073,False,True,68,286,0.23,0
build-3507,2025-10-06T16:34:09.721790,1135,15106,0.075,0.85,0.073,True,True,69,165,0.67,0
build-8623,2025-10-06T16:34:09.721790,926,18538,0.05,0.81,0.066,False,False,70,268,0.3,0
build-4863,2025-09-10T16:34:09.721790,407,12363,0.033,0.87,0.013,False,False,78,194,0.27,0
build-8574,2025-09-20T16:34:09.721790,1927,19209,0.1,0.91,0.021,False,False,78,269,0.66,0
build-4218,2025-09-18T16:34:09.721790,1684,17563,0.096,0.86,0.055,True,False,78,300,0.36,0
build-5217,2025-10-09T16:34:09.721790,221,15417,0.014,0.94,0.063,False,False,84,284,0.74,1
build-7719,2025-10-02T16:34:09.723504,1503,10723,0.14,0.84,0.055,False,True,77,258,0.82,0
build-4542,2025-09-30T16:34:09.723504,248,18378,0.013,0.94,0.025,False,False,62,130,0.52,0
build-6829,2025-09-15T16:34:09.723504,1423,5809,0.245,0.88,0.036,True,False,78,207,0.32,0
build-5869,2025-09-10T16:34:09.723504,1575,12415,0.127,0.83,0.065,True,False,68,190,0.42,0
build-1596,2025-09-23T16:34:09.723504,1254,19593,0.064,0.72,0.079,True,True,63,225,0.37,0
build-6860,2025-10-03T16:34:09.723504,1084,10138,0.107,0.9,0.036,True,False,60,239,0.53,0
build-9266,2025-09-22T16:34:09.723504,1082,7579,0.143,0.88,0.07,False,False,75,172,0.15,0
build-7345,2025-10-03T16:34:09.723504,1130,19431,0.058,0.84,0.057,False,False,74,136,0.56,0
build-3432,2025-09-26T16:34:09.723504,1206,13353,0.09,0.89,0.049,False,True,77,236,0.39,0
build-7278,2025-09-18T16:34:09.723504,1973,17202,0.115,0.75,0.07,False,False,71,296,0.41,0
build-9496,2025-09-24T16:34:09.723504,1269,10125,0.125,0.92,0.093,True,False,69,153,0.14,0
build-2215,2025-10-08T16:34:09.723504,1713,5176,0.331,0.7,0.022,False,True,67,195,0.64,0
build-7171,2025-09-21T16:34:09.723504,1630,9162,0.178,0.8,0.034,True,False,83,243,0.87,0
build-4483,2025-10-01T16:34:09.723504,309,6455,0.048,0.89,0.071,True,True,83,213,0.62,0
build-8815,2025-09-11T16:34:09.723504,1493,17262,0.086,0.87,0.058,False,False,87,293,0.18,0
build-3853,2025-10-04T16:34:09.723504,349,16055,0.022,0.72,0.044,True,False,65,279,0.72,1
build-4582,2025-09-29T16:34:09.723504,1998,17406,0.115,0.7,0.054,True,True,65,236,0.13,0
build-8934,2025-09-22T16:34:09.723504,1423,17672,0.081,0.82,0.091,False,False,87,298,0.33,0
build-9447,2025-09-27T16:34:09.723504,875,12853,0.068,0.77,0.074,True,True,90,212,0.88,0
build-3713,2025-09-27T16:34:09.723504,900,17050,0.053,0.95,0.036,True,True,78,144,0.16,0
build-3031,2025-09-20T16:34:09.723504,649,17342,0.037,0.92,0.092,True,False,70,143,0.86,1
build-4231,2025-09-19T16:34:09.723504,594,15735,0.038,0.8,0.065,False,True,89,173,0.75,1
build-7819,2025-09-15T16:34:09.723504,1298,8718,0.149,0.75,0.03,True,True,73,259,0.49,0
build-9254,2025-09-21T16:34:09.723504,858,5192,0.165,0.78,0.039,False,False,90,298,0.48,0
build-5981,2025-10-07T16:34:09.723504,957,8918,0.107,0.93,0.044,False,True,79,209,0.23,0
build-8962,2025-09-27T16:34:09.723504,452,9184,0.049,0.75,0.072,True,True,89,238,0.16,0
build-6891,2025-09-17T16:34:09.723504,1005,19721,0.051,0.89,0.065,False,True,75,169,0.83,1
build-9546,2025-09-24T16:34:09.723504,570,14133,0.04,0.85,0.065,True,False,80,233,0.72,0
build-5248,2025-09-28T16:34:09.723504,268,16597,0.016,0.81,0.023,False,True,72,255,0.84,1
build-3579,2025-09-30T16:34:09.723504,1759,9100,0.193,0.76,0.059,False,True,81,205,0.67,0
build-7144,2025-09-11T16:34:09.723504,905,7371,0.123,0.84,0.094,False,True,60,175,0.35,0
build-8281,2025-09-30T16:34:09.723504,777,12730,0.061,0.82,0.036,True,False,60,123,0.79,1
build-5410,2025-10-05T16:34:09.723504,1626,10835,0.15,0.72,0.077,True,True,64,134,0.43,0
build-8157,2025-09-25T16:34:09.723504,389,5032,0.077,0.94,0.022,False,True,72,235,0.47,0
build-4220,2025-09-19T16:34:09.723504,1190,5255,0.226,0.75,0.055,False,True,61,122,0.67,0
build-9504,2025-09-18T16:34:09.723504,1518,10032,0.151,0.89,0.087,True,True,66,179,0.35,0
build-9051,2025-09-15T16:34:09.723504,860,11369,0.076,0.78,0.049,True,False,83,234,0.74,1
build-3762,2025-10-08T16:34:09.723504,1295,5203,0.249,0.82,0.027,True,True,73,195,0.73,1
build-5147,2025-10-04T16:34:09.723504,1205,12109,0.1,0.79,0.026,False,True,61,279,0.16,0
build-3355,2025-09-17T16:34:09.723504,213,18491,0.012,0.8,0.099,True,False,63,277,0.63,0
build-7415,2025-10-10T16:34:09.723504,1145,7208,0.159,0.86,0.086,False,False,76,188,0.86,1
build-3694,2025-09-17T16:34:09.723504,119,12324,0.01,0.8,0.034,False,True,63,134,0.67,0
build-9622,2025-09-18T16:34:09.723504,1158,17307,0.067,0.79,0.065,False,False,85,177,0.56,0
build-7996,2025-10-10T16:34:09.723504,102,12442,0.008,0.78,0.078,True,False,70,171,0.19,0
build-1030,2025-10-06T16:34:09.723504,1171,14652,0.08,0.89,0.067,False,False,64,241,0.27,0
build-6555,2025-10-01T16:34:09.723504,160,6739,0.024,0.72,0.058,True,True,65,271,0.32,0
build-2674,2025-09-25T16:34:09.723504,1347,14842,0.091,0.73,0.085,False,False,86,183,0.11,0
build-5965,2025-09-20T16:34:09.723504,1322,11953,0.111,0.75,0.035,False,False,81,228,0.76,0
build-3369,2025-09-12T16:34:09.723504,627,8282,0.076,0.72,0.082,True,True,90,250,0.42,0
build-9646,2025-10-07T16:34:09.723504,301,18661,0.016,0.73,0.095,False,False,60,243,0.3,0
build-5543,2025-09-24T16:34:09.723504,242,13348,0.018,0.74,0.096,True,False,81,246,0.72,1
build-4400,2025-09-30T16:34:09.723504,1905,17491,0.109,0.91,0.075,False,True,86,145,0.39,0
build-6846,2025-10-04T16:34:09.723504,849,5042,0.168,0.71,0.068,True,False,67,150,0.45,0
build-3635,2025-09-18T16:34:09.723504,507,14851,0.034,0.73,0.052,False,True,70,266,0.3,0
build-5345,2025-10-02T16:34:09.723504,1223,9543,0.128,0.85,0.047,False,True,69,272,0.87,1
build-6725,2025-09-20T16:34:09.723504,954,15426,0.062,0.72,0.018,False,True,61,161,0.76,1
build-6751,2025-09-23T16:34:09.723504,1090,5923,0.184,0.9,0.097,True,True,85,188,0.17,0
build-1341,2025-10-04T16:34:09.723504,1586,7986,0.199,0.82,0.047,False,True,68,216,0.71,1
build-4593,2025-09-30T16:34:09.723504,1482,12224,0.121,0.94,0.054,True,True,76,229,0.41,0
build-4073,2025-10-04T16:34:09.723504,1411,5544,0.255,0.93,0.079,True,True,60,144,0.82,1
build-2317,2025-09-19T16:34:09.723504,537,5515,0.097,0.74,0.033,False,True,74,134,0.39,0
build-3077,2025-09-19T16:34:09.723504,1404,9821,0.143,0.81,0.077,True,False,69,168,0.86,1
build-9325,2025-10-03T16:34:09.723504,1326,15125,0.088,0.76,0.024,False,True,86,295,0.58,0
build-3608,2025-10-06T16:34:09.723504,1112,10536,0.106,0.75,0.096,False,True,79,257,0.67,0
build-6489,2025-09-22T16:34:09.723504,1830,17711,0.103,0.86,0.095,True,False,90,227,0.28,0
build-7480,2025-09-17T16:34:09.723504,912,13732,0.066,0.79,0.092,False,False,76,244,0.85,1
build-1794,2025-09-27T16:34:09.723504,790,13936,0.057,0.94,0.066,False,True,87,153,0.18,0
build-4404,2025-09-29T16:34:09.723504,183,18880,0.01,0.76,0.03,False,False,66,226,0.12,0
build-7418,2025-10-09T16:34:09.723504,1141,16765,0.068,0.9,0.029,False,True,84,134,0.7,0
build-2610,2025-09-28T16:34:09.723504,1622,13557,0.12,0.79,0.076,True,True,90,223,0.61,0
build-3756,2025-09-20T16:34:09.723504,1759,18592,0.095,0.94,0.065,True,False,72,279,0.17,0
build-6787,2025-10-04T16:34:09.723504,417,7290,0.057,0.76,0.098,True,True,90,176,0.22,0
build-5944,2025-09-13T16:34:09.723504,701,10947,0.064,0.82,0.054,True,True,83,149,0.72,1
build-1741,2025-10-02T16:34:09.723504,457,10287,0.044,0.78,0.061,True,False,81,135,0.78,0
build-5775,2025-10-03T16:34:09.723504,1409,11070,0.127,0.71,0.09,False,False,74,249,0.87,1
build-6474,2025-10-05T16:34:09.723504,633,14357,0.044,0.83,0.045,True,True,71,244,0.64,0
build-8793,2025-09-30T16:34:09.723504,1809,10523,0.172,0.88,0.051,True,True,78,193,0.73,0
build-2520,2025-09-14T16:34:09.723504,1472,12809,0.115,0.72,0.033,True,False,79,209,0.7,0
build-1450,2025-09-13T16:34:09.723504,1813,15740,0.115,0.86,0.038,False,True,87,293,0.87,0
build-6235,2025-09-11T16:34:09.723504,1183,12017,0.098,0.9,0.096,True,False,83,271,0.35,0
build-4815,2025-09-18T16:34:09.723504,1329,14115,0.094,0.94,0.088,False,True,87,150,0.58,0
build-1748,2025-09-13T16:34:09.723504,713,15945,0.045,0.8,0.086,True,False,86,188,0.51,0
build-4229,2025-10-07T16:34:09.723504,335,10485,0.032,0.94,0.071,True,True,81,173,0.53,0
build-6653,2025-10-09T16:34:09.723504,1332,15905,0.084,0.89,0.048,False,True,89,204,0.41,0
build-9431,2025-09-20T16:34:09.723504,1368,12254,0.112,0.79,0.023,False,True,80,288,0.83,0
build-6409,2025-10-06T16:34:09.723504,728,6061,0.12,0.92,0.014,False,False,64,125,0.62,0
build-6980,2025-09-24T16:34:09.723504,115,7926,0.015,0.74,0.015,False,True,79,254,0.51,0
build-8623,2025-10-08T16:34:09.723504,1731,8213,0.211,0.74,0.024,False,True,71,262,0.56,0
build-1684,2025-09-19T16:34:09.723504,1713,5782,0.296,0.95,0.067,False,True,66,268,0.61,0
build-3228,2025-09-11T16:34:09.723504,1030,13218,0.078,0.72,0.068,True,True,68,193,0.51,0
build-8986,2025-10-03T16:34:09.723504,605,10810,0.056,0.93,0.082,True,False,60,135,0.3,0
build-4819,2025-09-19T16:34:09.723504,1861,15247,0.122,0.75,0.046,False,False,64,126,0.79,1
build-7368,2025-09-29T16:34:09.723504,378,12182,0.031,0.83,0.091,False,True,66,216,0.28,0
build-5792,2025-09-14T16:34:09.723504,207,16553,0.013,0.93,0.013,True,False,72,190,0.17,0
build-3878,2025-09-29T16:34:09.723504,1511,9830,0.154,0.75,0.055,False,False,66,269,0.3,0
build-8235,2025-09-15T16:34:09.723504,1708,13781,0.124,0.88,0.068,True,True,68,238,0.13,0
build-8819,2025-09-13T16:34:09.723504,425,7810,0.054,0.89,0.075,False,True,69,198,0.74,0
build-8994,2025-09-16T16:34:09.723504,1274,13695,0.093,0.92,0.072,True,True,69,300,0.55,0
build-8875,2025-09-24T16:34:09.723504,825,13913,0.059,0.74,0.091,True,True,62,296,0.22,0
build-7451,2025-10-09T16:34:09.723504,414,15277,0.027,0.89,0.097,False,False,64,169,0.28,0
build-4037,2025-10-04T16:34:09.723504,695,9515,0.073,0.76,0.03,True,False,67,173,0.34,0
build-6959,2025-09-16T16:34:09.723504,1402,15238,0.092,0.85,0.081,True,False,67,210,0.62,0
build-7683,2025-09-29T16:34:09.723504,1337,9059,0.148,0.82,0.025,True,True,71,141,0.66,0
build-8280,2025-09-19T16:34:09.723504,1276,5458,0.234,0.76,0.011,True,False,66,169,0.8,1
build-6039,2025-09-17T16:34:09.723504,1311,16157,0.081,0.71,0.089,True,False,90,203,0.48,0
build-9689,2025-09-25T16:34:09.723504,921,16458,0.056,0.91,0.058,False,True,67,233,0.48,0
build-6620,2025-10-07T16:34:09.723504,317,16099,0.02,0.71,0.078,False,False,75,145,0.17,0
build-5620,2025-09-17T16:34:09.723504,1755,11023,0.159,0.72,0.071,False,True,81,175,0.38,0
build-8919,2025-09-28T16:34:09.723504,442,6623,0.067,0.86,0.073,False,False,72,297,0.43,0
build-6070,2025-10-03T16:34:09.723504,1018,17366,0.059,0.71,0.091,True,False,76,241,0.49,0
build-8050,2025-09-28T16:34:09.723504,127,17400,0.007,0.74,0.096,False,False,65,157,0.62,0
build-1193,2025-09-13T16:34:09.723504,1448,18469,0.078,0.89,0.034,True,True,81,169,0.66,0
build-8353,2025-09-18T16:34:09.723504,1952,7909,0.247,0.89,0.056,False,True,89,283,0.63,0
build-3127,2025-10-10T16:34:09.723504,1097,6079,0.18,0.81,0.015,True,False,81,255,0.41,0
build-4917,2025-09-29T16:34:09.723504,1865,8807,0.212,0.78,0.031,True,False,88,222,0.62,0
build-5461,2025-09-21T16:34:09.723504,1196,7363,0.162,0.78,0.089,False,False,87,193,0.67,0
build-1295,2025-10-09T16:34:09.723504,1567,17790,0.088,0.92,0.072,False,True,86,227,0.36,0
build-5139,2025-09-22T16:34:09.723504,620,14457,0.043,0.73,0.047,True,True,81,204,0.77,0
build-4057,2025-09-23T16:34:09.723504,954,19023,0.05,0.79,0.058,False,False,60,200,0.14,0
build-8228,2025-10-02T16:34:09.723504,200,9002,0.022,0.91,0.048,True,False,77,161,0.86,1
build-7621,2025-10-08T16:34:09.723504,661,12919,0.051,0.74,0.015,False,False,85,169,0.45,0
build-2025,2025-09-13T16:34:09.723504,300,6173,0.049,0.84,0.069,False,False,84,281,0.46,0
build-5607,2025-09-29T16:34:09.723504,1345,11050,0.122,0.79,0.098,False,False,61,197,0.66,0
build-8561,2025-10-07T16:34:09.723504,277,11004,0.025,0.85,0.016,False,True,64,154,0.47,0
build-1305,2025-10-10T16:34:09.723504,265,15474,0.017,0.82,0.051,False,False,90,180,0.63,0
build-5121,2025-10-10T16:34:09.723504,798,7061,0.113,0.8,0.017,False,True,87,211,0.11,0
build-7394,2025-09-25T16:34:09.723504,1722,16495,0.104,0.86,0.028,True,False,72,279,0.65,0
build-8915,2025-09-21T16:34:09.724535,179,9619,0.019,0.95,0.014,False,False,68,270,0.34,0
build-7643,2025-09-14T16:34:09.724535,1991,16771,0.119,0.9,0.017,False,False,63,275,0.4,0
build-1212,2025-09-26T16:34:09.724535,1849,19989,0.093,0.8,0.087,True,False,85,167,0.31,0
build-2918,2025-09-21T16:34:09.724535,1754,11382,0.154,0.71,0.028,False,True,76,257,0.76,1
build-2138,2025-09-15T16:34:09.724535,808,9740,0.083,0.79,0.047,False,True,82,256,0.89,1
build-7596,2025-09-19T16:34:09.724535,961,16185,0.059,0.83,0.041,False,True,73,178,0.37,0
build-3962,2025-10-09T16:34:09.724535,485,8446,0.057,0.9,0.054,True,True,72,232,0.79,0
build-6453,2025-10-07T16:34:09.724535,405,6690,0.061,0.9,0.05,False,True,61,272,0.28,0
build-9514,2025-09-27T16:34:09.724535,1771,6304,0.281,0.78,0.079,False,False,75,277,0.49,0
build-6007,2025-09-15T16:34:09.724535,449,10412,0.043,0.88,0.095,False,True,63,233,0.74,1
build-1189,2025-09-13T16:34:09.724535,1221,13236,0.092,0.81,0.069,True,True,76,266,0.58,0
build-5854,2025-09-22T16:34:09.724535,1399,7336,0.191,0.89,0.082,True,True,71,144,0.26,0
build-2192,2025-09-28T16:34:09.724535,1726,12085,0.143,0.85,0.099,True,False,64,125,0.85,1
build-3351,2025-10-07T16:34:09.724535,959,8427,0.114,0.86,0.073,True,False,79,290,0.19,0
build-2598,2025-09-10T16:34:09.724535,398,15269,0.026,0.91,0.039,True,False,88,277,0.48,0
build-6155,2025-09-25T16:34:09.724535,1843,15925,0.116,0.76,0.019,True,True,71,290,0.63,0
build-4914,2025-09-15T16:34:09.724535,1378,19240,0.072,0.84,0.086,False,False,61,215,0.47,0
build-4985,2025-09-27T16:34:09.724535,1398,11357,0.123,0.79,0.084,True,False,75,281,0.37,0
build-6451,2025-10-05T16:34:09.724535,1065,11861,0.09,0.71,0.064,False,True,60,238,0.39,0
build-9482,2025-10-07T16:34:09.724535,508,10161,0.05,0.88,0.032,False,False,78,194,0.41,0
build-4231,2025-09-26T16:34:09.724535,439,5833,0.075,0.74,0.093,True,False,77,300,0.26,0
build-8442,2025-10-06T16:34:09.724535,843,14009,0.06,0.91,0.047,False,True,63,148,0.39,0
build-3579,2025-09-14T16:34:09.724535,1897,14763,0.128,0.92,0.044,True,True,72,297,0.84,1
build-7269,2025-09-27T16:34:09.724535,1191,8279,0.144,0.77,0.038,True,False,74,230,0.76,1
build-5523,2025-09-11T16:34:09.724535,492,15015,0.033,0.91,0.062,True,False,65,168,0.52,0
build-5244,2025-10-03T16:34:09.724535,292,19423,0.015,0.92,0.044,True,True,74,269,0.39,0
build-5768,2025-10-07T16:34:09.724535,204,11860,0.017,0.81,0.033,False,False,77,155,0.11,0
build-5718,2025-10-03T16:34:09.724535,1801,14466,0.124,0.94,0.015,False,False,67,122,0.39,0
build-8697,2025-10-07T16:34:09.724535,100,18602,0.005,0.79,0.067,True,False,87,244,0.81,0
build-3073,2025-10-01T16:34:09.724535,1602,7887,0.203,0.72,0.097,True,True,89,179,0.49,0
build-9083,2025-10-06T16:34:09.724535,1218,5182,0.235,0.87,0.084,True,False,85,161,0.53,0
build-7774,2025-09-13T16:34:09.724535,769,7398,0.104,0.92,0.096,True,False,61,297,0.2,0
build-3761,2025-09-26T16:34:09.724535,196,15073,0.013,0.92,0.06,True,False,68,224,0.9,1
build-3399,2025-09-23T16:34:09.724535,136,11041,0.012,0.82,0.068,False,False,86,199,0.7,0
build-2525,2025-09-13T16:34:09.724535,1926,7662,0.251,0.88,0.04,False,False,80,219,0.89,0
build-1940,2025-10-06T16:34:09.724535,793,5978,0.133,0.89,0.013,True,False,85,216,0.12,0
build-7033,2025-09-20T16:34:09.724535,796,15434,0.052,0.81,0.064,False,True,68,224,0.83,1
build-8011,2025-09-18T16:34:09.724535,251,14275,0.018,0.83,0.027,True,True,66,197,0.61,0
build-5150,2025-09-10T16:34:09.724535,271,15798,0.017,0.72,0.067,True,True,75,284,0.52,0
build-8353,2025-09-11T16:34:09.724535,180,8852,0.02,0.82,0.02,True,False,60,288,0.21,0
build-5780,2025-09-14T16:34:09.724535,665,13800,0.048,0.94,0.031,True,True,74,195,0.21,0
build-5420,2025-09-25T16:34:09.724535,1805,13416,0.135,0.93,0.018,True,False,64,199,0.14,0
build-1267,2025-10-10T16:34:09.724535,140,6617,0.021,0.91,0.074,True,False,83,242,0.78,0
build-1540,2025-09-25T16:34:09.724535,183,13140,0.014,0.74,0.039,False,False,70,281,0.27,0
build-6415,2025-09-26T16:34:09.724535,1481,18020,0.082,0.79,0.096,True,True,69,121,0.76,0
build-6474,2025-09-10T16:34:09.724535,1555,19243,0.081,0.86,0.013,False,False,82,168,0.1,0
build-4044,2025-09-20T16:34:09.724535,751,14593,0.051,0.79,0.016,False,True,67,248,0.46,0
build-8635,2025-10-07T16:34:09.724535,1237,19055,0.065,0.86,0.021,True,False,66,227,0.18,0
build-6329,2025-10-04T16:34:09.724535,1708,16571,0.103,0.75,0.014,True,True,76,225,0.78,1
build-8849,2025-09-28T16:34:09.724535,916,14244,0.064,0.84,0.035,True,False,73,206,0.32,0
build-5866,2025-09-30T16:34:09.724535,512,9658,0.053,0.71,0.033,True,False,64,144,0.44,0
build-4156,2025-09-18T16:34:09.724535,697,19148,0.036,0.85,0.09,False,False,71,285,0.89,1
build-3972,2025-10-05T16:34:09.724535,957,14090,0.068,0.87,0.096,False,False,90,249,0.22,0
build-6037,2025-09-30T16:34:09.724535,1681,7231,0.232,0.85,0.066,True,False,63,231,0.82,1
build-2505,2025-09-13T16:34:09.724535,1943,17856,0.109,0.9,0.044,True,True,82,273,0.27,0
build-6105,2025-09-27T16:34:09.724535,1659,10254,0.162,0.9,0.047,True,True,61,246,0.64,0
build-5090,2025-09-19T16:34:09.724535,558,15052,0.037,0.77,0.076,False,False,88,294,0.28,0
build-5851,2025-10-09T16:34:09.724535,1917,10521,0.182,0.81,0.084,False,False,73,187,0.28,0
build-5003,2025-09-24T16:34:09.724535,529,18059,0.029,0.7,0.034,False,False,77,154,0.46,0
build-7969,2025-09-28T16:34:09.724535,1688,12331,0.137,0.94,0.014,False,True,63,131,0.5,0
build-9677,2025-09-24T16:34:09.724535,564,11146,0.051,0.84,0.1,True,True,87,259,0.23,0
build-9011,2025-09-10T16:34:09.724535,575,19071,0.03,0.83,0.039,False,False,82,222,0.46,0
build-1796,2025-10-10T16:34:09.724535,312,15926,0.02,0.7,0.048,True,False,67,135,0.71,1
build-3866,2025-09-16T16:34:09.724535,1918,15443,0.124,0.94,0.035,False,True,86,127,0.36,0
build-1599,2025-09-25T16:34:09.724535,1935,19870,0.097,0.87,0.028,True,False,73,212,0.37,0
build-8661,2025-09-17T16:34:09.724535,112,14561,0.008,0.88,0.096,False,True,81,132,0.64,0
build-3734,2025-09-15T16:34:09.724535,506,13379,0.038,0.78,0.041,False,True,80,175,0.71,1
build-4022,2025-09-20T16:34:09.724535,1790,13695,0.131,0.89,0.072,False,True,65,286,0.15,0
build-4820,2025-09-22T16:34:09.724535,1697,19200,0.088,0.82,0.067,False,False,75,242,0.27,0
build-8153,2025-10-07T16:34:09.724535,1600,9639,0.166,0.91,0.076,True,False,90,136,0.75,1
build-5211,2025-09-16T16:34:09.724535,1463,8417,0.174,0.8,0.076,False,False,69,276,0.26,0
build-7966,2025-09-20T16:34:09.724535,935,5933,0.158,0.87,0.093,True,True,65,299,0.16,0
build-1605,2025-09-13T16:34:09.724535,162,8063,0.02,0.72,0.057,False,False,63,194,0.88,0
build-6171,2025-10-09T16:34:09.724535,1562,10469,0.149,0.81,0.048,True,False,70,171,0.46,0
build-9040,2025-09-30T16:34:09.724535,202,15491,0.013,0.93,0.017,True,True,88,124,0.45,0
build-6721,2025-09-16T16:34:09.724535,1947,10114,0.193,0.75,0.047,False,True,85,140,0.69,0
build-4026,2025-09-12T16:34:09.724535,1900,19958,0.095,0.87,0.065,False,True,79,202,0.26,0
build-1613,2025-09-20T16:34:09.724535,1022,12947,0.079,0.9,0.033,False,True,63,215,0.61,0
build-3994,2025-09-26T16:34:09.724535,935,9721,0.096,0.77,0.052,True,True,67,245,0.29,0
build-7185,2025-09-15T16:34:09.724535,318,16357,0.019,0.8,0.056,False,True,74,243,0.6,0
build-3684,2025-09-18T16:34:09.724535,661,18617,0.036,0.82,0.026,True,False,66,266,0.11,0
build-7159,2025-09-10T16:34:09.724535,1804,5229,0.345,0.78,0.04,False,False,81,229,0.15,0
build-4673,2025-09-17T16:34:09.724535,235,16068,0.015,0.77,0.066,True,True,65,281,0.74,0
build-1643,2025-09-13T16:34:09.724535,324,12803,0.025,0.93,0.073,False,False,82,237,0.73,0
build-2017,2025-09-21T16:34:09.724535,1465,13798,0.106,0.86,0.035,True,True,75,271,0.62,0
build-8799,2025-09-20T16:34:09.724535,688,17559,0.039,0.86,0.063,True,True,82,130,0.29,0
build-9463,2025-10-08T16:34:09.724535,674,6395,0.105,0.8,0.011,False,True,84,258,0.25,0
build-8185,2025-09-29T16:34:09.724535,119,8861,0.013,0.76,0.048,False,False,70,199,0.3,0
build-6285,2025-09-20T16:34:09.724535,1685,6275,0.269,0.74,0.05,False,False,87,264,0.82,1
build-2623,2025-09-24T16:34:09.724535,258,14313,0.018,0.73,0.036,True,False,83,152,0.63,0
build-5748,2025-09-15T16:34:09.724535,1761,10286,0.171,0.89,0.046,True,True,80,248,0.81,0
build-8087,2025-09-28T16:34:09.724535,604,7944,0.076,0.74,0.032,True,False,68,214,0.27,0
build-9149,2025-09-25T16:34:09.724535,1497,18178,0.082,0.76,0.054,False,False,68,265,0.49,0
build-5369,2025-09-20T16:34:09.724535,1495,8103,0.184,0.82,0.075,True,False,61,197,0.36,0
build-1063,2025-09-26T16:34:09.724535,1020,14585,0.07,0.83,0.091,False,False,83,224,0.22,0
build-1795,2025-09-18T16:34:09.724535,868,11104,0.078,0.73,0.023,False,True,84,238,0.62,0
build-7848,2025-10-04T16:34:09.724535,1002,8432,0.119,0.77,0.084,False,False,82,192,0.33,0
build-4559,2025-09-23T16:34:09.724535,516,7478,0.069,0.86,0.036,False,False,68,288,0.58,0
build-1019,2025-09-24T16:34:09.724535,633,17209,0.037,0.7,0.057,True,True,90,179,0.35,0
build-3572,2025-10-05T16:34:09.724535,1396,9514,0.147,0.95,0.072,False,True,80,238,0.19,0
build-7344,2025-09-21T16:34:09.724535,1066,11085,0.096,0.81,0.021,True,False,82,192,0.28,0
build-7444,2025-09-16T16:34:09.724535,1265,6746,0.188,0.72,0.043,True,True,85,265,0.53,0
build-2937,2025-09-17T16:34:09.724535,1022,6871,0.149,0.9,0.042,False,True,82,286,0.52,0
build-3709,2025-09-19T16:34:09.724535,851,9783,0.087,0.95,0.04,True,True,87,285,0.59,0
build-8303,2025-10-07T16:34:09.724535,231,15588,0.015,0.8,0.092,True,False,61,219,0.31,0
build-9381,2025-09-24T16:34:09.724535,1192,16839,0.071,0.76,0.042,False,False,75,170,0.4,0
build-6730,2025-09-28T16:34:09.724535,660,5960,0.111,0.87,0.099,True,True,69,202,0.82,1
build-1892,2025-09-28T16:34:09.724535,609,8926,0.068,0.85,0.084,False,True,89,253,0.21,0
build-6860,2025-09-30T16:34:09.724535,176,9855,0.018,0.81,0.011,True,True,70,178,0.15,0
build-9802,2025-09-18T16:34:09.724535,691,11576,0.06,0.78,0.064,False,False,64,223,0.12,0
build-9086,2025-09-17T16:34:09.724535,716,10839,0.066,0.82,0.052,True,True,76,148,0.42,0
build-7315,2025-10-02T16:34:09.724535,1658,15064,0.11,0.88,0.093,False,False,67,176,0.56,0
build-4004,2025-09-10T16:34:09.724535,1024,11477,0.089,0.89,0.049,False,False,86,165,0.64,0
build-3271,2025-09-20T16:34:09.724535,956,18537,0.052,0.72,0.082,False,False,78,289,0.39,0
build-7507,2025-09-29T16:34:09.724535,806,17283,0.047,0.73,0.083,False,False,74,275,0.86,1
build-6111,2025-10-06T16:34:09.724535,373,9024,0.041,0.91,0.013,True,True,82,253,0.77,1
build-3866,2025-09-30T16:34:09.724535,1217,12093,0.101,0.76,0.071,True,False,87,231,0.55,0
build-6104,2025-09-13T16:34:09.724535,148,18949,0.008,0.77,0.032,False,False,74,271,0.77,1
build-5349,2025-10-04T16:34:09.724535,811,5966,0.136,0.77,0.052,True,True,86,139,0.42,0
build-8126,2025-09-20T16:34:09.724535,1982,6262,0.317,0.78,0.048,False,False,60,252,0.23,0
build-7289,2025-09-29T16:34:09.724535,1788,12449,0.144,0.77,0.098,True,True,69,125,0.86,0
build-1083,2025-09-27T16:34:09.724535,863,18290,0.047,0.83,0.038,True,False,75,133,0.25,0
build-9250,2025-09-14T16:34:09.725535,672,11074,0.061,0.85,0.013,False,False,62,287,0.22,0
build-6724,2025-09-26T16:34:09.725535,224,18632,0.012,0.86,0.037,False,False,65,275,0.77,1
build-2076,2025-09-12T16:34:09.725535,1713,14337,0.119,0.76,0.024,False,False,90,245,0.2,0
build-5822,2025-09-16T16:34:09.725535,1688,11100,0.152,0.83,0.034,False,True,67,164,0.76,1
build-8553,2025-10-10T16:34:09.725535,1005,14149,0.071,0.77,0.036,True,False,87,285,0.4,0
build-8274,2025-10-01T16:34:09.725535,1282,13030,0.098,0.79,0.094,True,False,77,182,0.72,1
build-1769,2025-10-09T16:34:09.725535,1849,10639,0.174,0.86,0.09,True,False,74,153,0.58,0
build-1174,2025-10-06T16:34:09.725535,1275,14054,0.091,0.94,0.019,True,True,74,172,0.37,0
build-2593,2025-09-22T16:34:09.725535,898,12959,0.069,0.9,0.075,False,True,76,218,0.27,0
build-4215,2025-09-27T16:34:09.725535,837,9974,0.084,0.71,0.086,True,False,86,267,0.37,0
build-4250,2025-09-19T16:34:09.725535,1091,17938,0.061,0.74,0.029,False,True,78,289,0.4,0
build-8255,2025-09-26T16:34:09.725535,490,5802,0.084,0.75,0.056,True,False,69,247,0.87,1
build-1802,2025-09-18T16:34:09.725535,1517,9156,0.166,0.82,0.066,False,True,62,261,0.18,0
build-9063,2025-09-24T16:34:09.725535,1809,11853,0.153,0.87,0.023,False,False,75,211,0.32,0
build-5034,2025-09-21T16:34:09.725535,1012,5432,0.186,0.77,0.048,True,True,74,202,0.42,0
build-3024,2025-09-16T16:34:09.725535,1532,9812,0.156,0.93,0.048,False,False,71,253,0.5,0
build-4469,2025-09-13T16:34:09.725535,1606,14150,0.113,0.93,0.068,True,False,82,255,0.33,0
build-7759,2025-09-24T16:34:09.725535,1622,12918,0.126,0.82,0.07,True,True,76,234,0.5,0
build-8858,2025-09-25T16:34:09.725535,549,9251,0.059,0.88,0.054,True,False,81,141,0.51,0
build-8605,2025-09-26T16:34:09.725535,945,16053,0.059,0.93,0.088,True,True,74,176,0.59,0
build-8410,2025-09-16T16:34:09.725535,1081,8015,0.135,0.9,0.066,True,False,76,180,0.6,0
build-6856,2025-10-02T16:34:09.725535,1561,8552,0.183,0.9,0.061,False,True,74,205,0.62,0
build-5586,2025-09-27T16:34:09.725535,596,18578,0.032,0.84,0.067,False,False,80,230,0.59,0
build-6002,2025-10-03T16:34:09.725535,220,19364,0.011,0.83,0.06,True,False,86,194,0.75,1
build-7417,2025-09-24T16:34:09.725535,1945,15379,0.126,0.71,0.039,True,True,71,152,0.79,0
build-2976,2025-09-27T16:34:09.725535,1459,6192,0.236,0.81,0.052,True,False,65,141,0.17,0
build-8984,2025-09-16T16:34:09.725535,469,10681,0.044,0.95,0.068,True,True,85,262,0.19,0
build-3714,2025-09-27T16:34:09.725535,471,16886,0.028,0.78,0.031,True,True,79,204,0.27,0
build-2769,2025-09-11T16:34:09.725535,129,11484,0.011,0.8,0.037,False,False,61,255,0.15,0
build-2059,2025-09-29T16:34:09.725535,157,8166,0.019,0.94,0.08,True,True,64,256,0.8,0
build-4728,2025-09-29T16:34:09.725535,446,13114,0.034,0.91,0.016,True,False,85,250,0.5,0
build-8840,2025-09-19T16:34:09.725535,1234,14208,0.087,0.93,0.026,True,False,73,269,0.5,0
build-3342,2025-09-16T16:34:09.725535,1515,18189,0.083,0.9,0.012,True,False,66,222,0.85,1
build-7677,2025-09-16T16:34:09.725535,1327,5874,0.226,0.89,0.022,False,True,74,162,0.51,0
build-4340,2025-09-11T16:34:09.725535,179,18225,0.01,0.72,0.082,False,False,79,174,0.86,0
build-6417,2025-09-20T16:34:09.725535,1991,8293,0.24,0.71,0.031,True,True,80,134,0.37,0
build-5020,2025-10-05T16:34:09.725535,800,11241,0.071,0.84,0.027,False,False,68,187,0.66,0
build-6980,2025-09-10T16:34:09.725535,1218,8717,0.14,0.8,0.065,True,True,77,223,0.29,0
build-8855,2025-10-08T16:34:09.725535,937,6891,0.136,0.75,0.086,False,False,80,175,0.4,0
build-9763,2025-09-21T16:34:09.725535,1964,9301,0.211,0.9,0.091,True,False,67,268,0.17,0
build-9566,2025-09-18T16:34:09.725535,343,13431,0.026,0.8,0.066,False,True,69,130,0.41,0
build-6312,2025-10-05T16:34:09.725535,1565,9284,0.169,0.72,0.059,False,False,83,144,0.44,0
build-5245,2025-10-05T16:34:09.725535,782,18178,0.043,0.86,0.023,False,True,61,163,0.26,0
build-2232,2025-09-21T16:34:09.725535,293,12357,0.024,0.74,0.035,False,True,64,122,0.71,1
build-4305,2025-09-16T16:34:09.725535,1219,15328,0.08,0.81,0.042,False,True,61,137,0.83,1
build-6565,2025-10-04T16:34:09.725535,476,5684,0.084,0.91,0.041,True,True,84,231,0.34,0
build-7925,2025-10-08T16:34:09.725535,230,10449,0.022,0.87,0.051,True,False,77,142,0.28,0
build-6600,2025-09-20T16:34:09.725535,1205,11201,0.108,0.84,0.037,True,True,66,278,0.74,1
build-4741,2025-10-10T16:34:09.725535,539,5105,0.106,0.9,0.042,True,False,84,123,0.53,0
build-1825,2025-09-12T16:34:09.725535,921,11014,0.084,0.9,0.053,True,False,66,145,0.44,0
build-1119,2025-09-23T16:34:09.725535,493,14427,0.034,0.9,0.033,False,True,64,223,0.2,0
build-1009,2025-09-20T16:34:09.725535,508,9805,0.052,0.71,0.038,False,False,68,148,0.15,0
build-2581,2025-09-28T16:34:09.725535,1599,7781,0.206,0.89,0.048,False,False,73,245,0.13,0
build-2025,2025-09-26T16:34:09.725535,115,5820,0.02,0.83,0.073,True,True,80,252,0.31,0
build-6340,2025-09-27T16:34:09.725535,952,12157,0.078,0.88,0.065,True,False,89,264,0.83,1
build-6045,2025-09-22T16:34:09.725535,1002,12050,0.083,0.92,0.051,False,False,76,243,0.83,0
build-6982,2025-09-22T16:34:09.725535,1214,12692,0.096,0.81,0.017,True,False,76,235,0.68,0
build-3885,2025-10-09T16:34:09.725535,1484,19461,0.076,0.76,0.079,False,False,61,257,0.87,0
build-1104,2025-09-17T16:34:09.725535,1227,9939,0.123,0.91,0.092,False,False,75,209,0.19,0
build-7319,2025-09-30T16:34:09.725535,1378,12686,0.109,0.75,0.09,True,True,88,133,0.69,0
build-5177,2025-09-25T16:34:09.725535,1740,17710,0.098,0.86,0.074,True,False,87,283,0.31,0
build-8033,2025-09-30T16:34:09.725535,740,9564,0.077,0.91,0.042,True,True,78,143,0.69,0
build-8739,2025-09-22T16:34:09.725535,702,12254,0.057,0.94,0.091,True,False,61,297,0.84,1
build-3926,2025-10-02T16:34:09.725535,1257,14116,0.089,0.9,0.075,False,True,79,163,0.71,1
build-6313,2025-09-30T16:34:09.725535,1965,19678,0.1,0.81,0.065,True,False,68,214,0.89,0
build-5049,2025-10-08T16:34:09.725535,1174,5614,0.209,0.92,0.038,False,False,78,250,0.68,0
build-1114,2025-09-18T16:34:09.725535,735,18813,0.039,0.79,0.04,False,True,64,128,0.59,0
build-6386,2025-10-08T16:34:09.725535,1068,16029,0.067,0.76,0.063,True,False,65,171,0.41,0
build-8752,2025-09-28T16:34:09.725535,486,7535,0.064,0.83,0.07,True,False,74,277,0.32,0
build-9509,2025-09-27T16:34:09.726151,309,10299,0.03,0.7,0.04,False,True,83,121,0.83,0
build-3738,2025-09-30T16:34:09.726151,960,6950,0.138,0.73,0.082,False,True,79,136,0.19,0
build-9722,2025-09-29T16:34:09.726151,339,8479,0.04,0.88,0.094,True,True,81,183,0.89,1
build-9154,2025-10-04T16:34:09.726151,1166,5857,0.199,0.75,0.093,False,True,61,158,0.73,0
build-7887,2025-09-18T16:34:09.726151,416,17898,0.023,0.86,0.071,True,True,79,153,0.6,0
build-9063,2025-09-29T16:34:09.726151,804,18294,0.044,0.9,0.033,True,True,79,295,0.23,0
build-4528,2025-10-01T16:34:09.726151,824,7198,0.114,0.7,0.036,False,True,90,256,0.69,0
build-1326,2025-09-28T16:34:09.726151,191,5579,0.034,0.74,0.053,True,False,62,179,0.58,0
build-7267,2025-10-04T16:34:09.726151,497,14828,0.034,0.94,0.063,True,False,77,131,0.53,0
build-6308,2025-09-25T16:34:09.726151,1417,16371,0.087,0.81,0.071,False,True,76,198,0.19,0
build-9885,2025-10-02T16:34:09.726151,1372,5751,0.239,0.75,0.056,True,False,64,252,0.7,0
build-9774,2025-09-29T16:34:09.726151,1767,9031,0.196,0.77,0.079,True,False,81,241,0.71,0
build-3152,2025-09-23T16:34:09.726151,1188,6675,0.178,0.9,0.081,True,True,71,181,0.84,1
build-3953,2025-09-13T16:34:09.726151,1589,14064,0.113,0.88,0.055,True,False,80,172,0.59,0
build-2734,2025-09-18T16:34:09.726151,1110,9317,0.119,0.88,0.067,False,False,77,258,0.49,0
build-9304,2025-09-22T16:34:09.726151,135,5594,0.024,0.8,0.051,True,True,62,288,0.69,0
build-1480,2025-09-20T16:34:09.726151,1789,18144,0.099,0.71,0.041,False,True,67,226,0.5,0
build-3304,2025-09-29T16:34:09.726151,1535,17150,0.09,0.84,0.024,True,True,78,181,0.14,0
build-1869,2025-09-14T16:34:09.726151,974,6511,0.15,0.86,0.011,True,False,75,182,0.51,0
build-8095,2025-10-01T16:34:09.726151,543,12453,0.044,0.88,0.092,False,True,87,156,0.49,0
build-9786,2025-09-24T16:34:09.726151,921,9799,0.094,0.73,0.089,True,True,82,215,0.44,0
build-3786,2025-09-18T16:34:09.726151,160,6863,0.023,0.92,0.014,False,False,66,202,0.88,0
build-1329,2025-10-03T16:34:09.726151,134,7082,0.019,0.93,0.055,True,True,76,122,0.29,0
build-9224,2025-10-02T16:34:09.726151,724,18000,0.04,0.85,0.076,False,False,79,129,0.85,1
build-8569,2025-09-23T16:34:09.726151,467,7483,0.062,0.84,0.058,True,True,71,195,0.8,1
build-2241,2025-09-20T16:34:09.726151,1794,12045,0.149,0.82,0.035,False,True,65,272,0.29,0
build-9998,2025-10-04T16:34:09.726151,1875,11571,0.162,0.91,0.08,False,False,62,280,0.54,0
build-5481,2025-10-09T16:34:09.726151,1797,14020,0.128,0.75,0.091,True,True,80,125,0.12,0
build-9645,2025-09-24T16:34:09.726151,860,6540,0.131,0.74,0.078,False,True,61,180,0.51,0
build-4500,2025-10-08T16:34:09.726151,1392,10230,0.136,0.89,0.038,False,True,77,288,0.14,0
build-3944,2025-09-18T16:34:09.726151,1296,15300,0.085,0.81,0.087,True,False,78,130,0.3,0
build-8675,2025-10-09T16:34:09.726151,1520,17645,0.086,0.88,0.089,False,False,80,193,0.44,0
build-9499,2025-10-03T16:34:09.726151,415,5023,0.083,0.71,0.015,False,False,68,160,0.11,0
build-7951,2025-10-10T16:34:09.726151,797,5851,0.136,0.76,0.096,True,True,66,173,0.84,1
build-2625,2025-09-14T16:34:09.726151,1890,17841,0.106,0.81,0.066,False,False,65,165,0.25,0
build-5451,2025-10-06T16:34:09.726151,1798,16509,0.109,0.93,0.077,False,True,68,181,0.54,0
build-7749,2025-09-14T16:34:09.726151,519,10908,0.048,0.84,0.074,True,True,60,170,0.11,0
build-5886,2025-10-06T16:34:09.726151,240,15125,0.016,0.82,0.023,True,False,66,188,0.86,0
build-7409,2025-10-03T16:34:09.726151,1441,18026,0.08,0.81,0.01,True,False,79,182,0.51,0
build-6410,2025-09-19T16:34:09.726151,236,10549,0.022,0.89,0.026,False,False,69,252,0.82,0
build-3318,2025-09-24T16:34:09.726151,654,8865,0.074,0.76,0.02,False,True,83,282,0.67,0
build-9494,2025-10-03T16:34:09.726151,594,16864,0.035,0.78,0.024,True,False,86,150,0.87,0
build-8014,2025-09-18T16:34:09.726151,1069,8405,0.127,0.87,0.055,False,True,61,254,0.84,1
build-1201,2025-09-23T16:34:09.726151,570,14708,0.039,0.86,0.035,False,False,80,261,0.78,1
build-9900,2025-09-12T16:34:09.726151,1024,12126,0.084,0.84,0.066,False,False,60,139,0.68,0
build-6637,2025-10-06T16:34:09.726151,136,7090,0.019,0.78,0.098,False,True,87,208,0.84,1
build-6378,2025-09-15T16:34:09.726151,181,19850,0.009,0.71,0.033,False,True,84,142,0.2,0
build-9696,2025-10-09T16:34:09.726151,1847,17888,0.103,0.86,0.049,False,True,80,213,0.7,0
build-7081,2025-10-02T16:34:09.726151,947,14968,0.063,0.81,0.076,True,False,79,193,0.83,1
build-9792,2025-09-24T16:34:09.726151,1157,13088,0.088,0.84,0.032,True,True,90,193,0.87,1
build-2040,2025-09-30T16:34:09.726151,928,17074,0.054,0.73,0.079,False,False,80,285,0.63,0
build-7597,2025-09-28T16:34:09.726151,1553,9412,0.165,0.81,0.033,True,True,61,129,0.32,0
build-9340,2025-10-07T16:34:09.726151,784,10041,0.078,0.82,0.054,False,True,66,273,0.33,0
build-9505,2025-09-11T16:34:09.726151,1439,11520,0.125,0.84,0.095,False,False,81,196,0.29,0
build-7443,2025-09-18T16:34:09.726151,1785,8643,0.207,0.9,0.025,False,True,69,278,0.19,0
build-8063,2025-10-01T16:34:09.726151,865,18947,0.046,0.79,0.065,False,False,79,277,0.29,0
build-9067,2025-09-11T16:34:09.726151,1553,16761,0.093,0.87,0.015,False,True,84,208,0.21,0
build-9454,2025-10-06T16:34:09.726151,473,7974,0.059,0.79,0.1,True,False,72,259,0.36,0
build-2634,2025-09-16T16:34:09.726151,247,18477,0.013,0.92,0.037,False,True,68,213,0.12,0
build-6094,2025-09-27T16:34:09.726151,1046,19310,0.054,0.92,0.016,True,True,78,186,0.6,0
build-4595,2025-10-03T16:34:09.726151,830,15119,0.055,0.71,0.035,True,False,84,147,0.42,0
build-3709,2025-09-27T16:34:09.726151,1296,13629,0.095,0.76,0.085,False,False,88,162,0.61,0
build-8871,2025-10-02T16:34:09.726151,1495,11560,0.129,0.93,0.095,False,False,85,187,0.62,0
build-3869,2025-09-15T16:34:09.726151,825,10448,0.079,0.73,0.045,False,True,87,282,0.42,0
build-2055,2025-09-16T16:34:09.726151,1326,15006,0.088,0.72,0.04,True,False,82,253,0.12,0
build-1562,2025-09-26T16:34:09.726151,1788,12498,0.143,0.95,0.085,False,False,71,234,0.83,0
build-9018,2025-09-16T16:34:09.726692,602,14638,0.041,0.78,0.042,True,True,83,237,0.76,1
build-9592,2025-09-17T16:34:09.726692,255,11428,0.022,0.92,0.011,False,True,82,154,0.7,0
build-9806,2025-09-20T16:34:09.726692,1428,14124,0.101,0.7,0.065,True,False,85,296,0.14,0
build-2796,2025-09-30T16:34:09.726692,1340,10268,0.131,0.79,0.029,True,True,66,124,0.65,0
build-1681,2025-09-24T16:34:09.726692,1337,15168,0.088,0.86,0.056,False,False,90,243,0.62,0
build-3416,2025-09-26T16:34:09.726692,1427,9307,0.153,0.73,0.092,False,True,86,186,0.41,0
build-3345,2025-09-17T16:34:09.726692,950,16684,0.057,0.76,0.067,False,True,64,224,0.9,1
build-3910,2025-10-01T16:34:09.726692,1129,8437,0.134,0.89,0.083,True,True,87,178,0.68,0
build-9204,2025-10-05T16:34:09.726692,668,14754,0.045,0.72,0.062,False,True,63,300,0.41,0
build-8818,2025-09-23T16:34:09.726692,931,11590,0.08,0.8,0.034,True,False,89,205,0.24,0
build-7427,2025-09-16T16:34:09.726692,1552,11862,0.131,0.88,0.021,True,False,89,299,0.43,0
build-1958,2025-09-19T16:34:09.726692,1507,14459,0.104,0.87,0.076,True,True,84,251,0.88,1
build-9310,2025-09-18T16:34:09.726692,1942,19501,0.1,0.77,0.013,True,False,74,257,0.34,0
build-8047,2025-09-23T16:34:09.726692,380,9405,0.04,0.75,0.059,False,True,81,244,0.61,0
build-1272,2025-10-02T16:34:09.726692,1077,17738,0.061,0.81,0.048,False,False,84,251,0.85,1
build-1894,2025-09-20T16:34:09.726692,598,14484,0.041,0.9,0.045,True,True,63,179,0.43,0
build-8954,2025-09-28T16:34:09.726692,1694,19496,0.087,0.74,0.046,True,False,71,249,0.51,0
build-9421,2025-09-10T16:34:09.726692,1737,10153,0.171,0.87,0.056,True,False,79,146,0.42,0
build-7550,2025-09-21T16:34:09.726692,767,7018,0.109,0.75,0.089,False,False,61,272,0.16,0
build-9649,2025-09-17T16:34:09.726692,1291,18991,0.068,0.9,0.08,True,True,83,285,0.74,1
build-4928,2025-10-08T16:34:09.726692,1612,9734,0.166,0.75,0.04,True,True,89,168,0.25,0
build-5093,2025-10-01T16:34:09.726692,1196,8600,0.139,0.84,0.029,True,True,76,172,0.32,0
build-9957,2025-10-10T16:34:09.726692,246,15975,0.015,0.79,0.05,True,False,60,193,0.22,0
build-8777,2025-09-11T16:34:09.726692,802,6711,0.12,0.94,0.066,True,True,74,255,0.46,0
build-6873,2025-09-19T16:34:09.726692,1321,10138,0.13,0.93,0.073,False,True,77,270,0.59,0
build-2999,2025-09-19T16:34:09.726692,1239,12752,0.097,0.75,0.078,False,True,62,179,0.2,0
build-1977,2025-09-28T16:34:09.726692,911,7122,0.128,0.76,0.018,True,True,83,286,0.8,1
build-9815,2025-10-07T16:34:09.726692,1320,12995,0.102,0.72,0.058,True,True,63,179,0.57,0
build-9788,2025-10-01T16:34:09.726692,1721,19323,0.089,0.93,0.06,False,True,88,297,0.84,1
build-2227,2025-09-23T16:34:09.726692,1910,5472,0.349,0.87,0.047,True,False,79,128,0.16,0
build-5614,2025-09-21T16:34:09.726692,1132,15623,0.072,0.87,0.072,True,False,88,168,0.22,0
build-5505,2025-09-22T16:34:09.726692,537,6116,0.088,0.93,0.029,True,True,83,268,0.16,0
build-9408,2025-09-16T16:34:09.726692,502,9805,0.051,0.8,0.098,False,False,86,142,0.57,0
build-6701,2025-09-11T16:34:09.726692,1328,18233,0.073,0.84,0.027,True,True,87,173,0.31,0
build-7749,2025-09-10T16:34:09.726692,776,18626,0.042,0.87,0.093,True,True,67,266,0.63,0
build-7080,2025-09-30T16:34:09.726692,1543,19516,0.079,0.9,0.091,False,True,87,253,0.38,0
build-8879,2025-09-15T16:34:09.726692,421,19477,0.022,0.74,0.014,True,True,90,187,0.38,0
build-2748,2025-10-09T16:34:09.726692,1702,12246,0.139,0.8,0.012,True,False,78,186,0.41,0
build-5161,2025-09-13T16:34:09.726692,1596,7568,0.211,0.74,0.066,True,True,60,232,0.88,0
build-2586,2025-09-21T16:34:09.726692,893,5520,0.162,0.72,0.063,False,False,73,246,0.58,0
build-6831,2025-09-18T16:34:09.726692,1751,13925,0.126,0.77,0.03,False,True,89,258,0.77,1
build-6497,2025-09-27T16:34:09.726692,631,19501,0.032,0.83,0.029,False,True,67,178,0.14,0
build-7380,2025-10-02T16:34:09.726692,190,15761,0.012,0.88,0.088,False,True,85,211,0.23,0
build-5162,2025-09-16T16:34:09.726692,1333,16023,0.083,0.84,0.059,True,True,75,259,0.88,1
build-4477,2025-09-22T16:34:09.726692,1637,5445,0.301,0.74,0.089,True,True,84,289,0.2,0
build-1158,2025-10-03T16:34:09.726692,1643,12199,0.135,0.73,0.073,False,True,64,261,0.8,1
build-6606,2025-10-01T16:34:09.726692,928,8456,0.11,0.75,0.019,False,True,60,134,0.57,0
build-7391,2025-09-17T16:34:09.726692,223,16557,0.013,0.78,0.054,True,True,88,194,0.2,0
build-2755,2025-09-30T16:34:09.726692,1888,14493,0.13,0.91,0.056,True,True,88,205,0.47,0
build-1915,2025-09-24T16:34:09.726692,1673,16617,0.101,0.81,0.089,False,False,86,171,0.89,0
build-5422,2025-09-23T16:34:09.726692,929,9451,0.098,0.78,0.092,True,False,65,223,0.78,1
build-6752,2025-09-14T16:34:09.726692,409,11749,0.035,0.82,0.049,True,False,62,158,0.43,0
build-4615,2025-09-21T16:34:09.726692,1954,14367,0.136,0.89,0.084,True,False,68,168,0.73,1
build-8580,2025-10-07T16:34:09.726692,1245,15610,0.08,0.84,0.053,False,True,79,200,0.34,0
build-8507,2025-10-08T16:34:09.726692,1544,13777,0.112,0.75,0.061,False,True,60,228,0.22,0
build-1372,2025-09-29T16:34:09.726692,1871,13281,0.141,0.94,0.088,True,False,82,282,0.29,0
build-5777,2025-09-28T16:34:09.726692,771,8738,0.088,0.79,0.037,True,True,64,127,0.71,1
build-1371,2025-10-04T16:34:09.726692,494,13023,0.038,0.9,0.094,False,False,77,154,0.72,1
build-3488,2025-09-11T16:34:09.726692,937,6486,0.144,0.85,0.034,False,False,64,161,0.78,1
build-5946,2025-09-20T16:34:09.726692,889,10738,0.083,0.76,0.096,True,True,80,141,0.56,0
build-3434,2025-09-25T16:34:09.726692,552,16160,0.034,0.72,0.069,True,False,77,203,0.51,0
build-7381,2025-09-11T16:34:09.726692,1111,5776,0.192,0.83,0.036,True,False,85,156,0.23,0
build-7719,2025-09-23T16:34:09.726692,607,15776,0.038,0.78,0.085,True,True,88,237,0.85,0
build-7319,2025-10-05T16:34:09.726692,1834,16388,0.112,0.81,0.017,False,False,83,196,0.15,0
build-6588,2025-09-19T16:34:09.726692,665,13475,0.049,0.84,0.036,False,True,79,275,0.42,0
build-9925,2025-09-22T16:34:09.726692,1759,16734,0.105,0.85,0.074,True,True,80,195,0.2,0
build-4747,2025-09-21T16:34:09.726692,865,7218,0.12,0.83,0.072,True,False,64,152,0.64,0
build-2023,2025-09-25T16:34:09.726692,204,6371,0.032,0.73,0.067,True,False,86,233,0.14,0
build-3504,2025-09-22T16:34:09.726692,1092,13922,0.078,0.81,0.065,False,True,75,144,0.35,0
build-2727,2025-10-07T16:34:09.726692,1886,17682,0.107,0.87,0.062,True,False,61,296,0.2,0
build-4609,2025-09-27T16:34:09.726692,1401,5604,0.25,0.82,0.09,False,False,75,258,0.51,0
build-3826,2025-09-18T16:34:09.726692,1559,8773,0.178,0.75,0.044,False,True,76,281,0.65,0
build-1047,2025-09-30T16:34:09.726692,604,13053,0.046,0.87,0.058,False,True,69,243,0.13,0
build-6954,2025-09-23T16:34:09.726692,765,7667,0.1,0.74,0.093,True,False,63,271,0.72,1
build-2124,2025-09-15T16:34:09.726692,1633,7477,0.218,0.93,0.019,False,False,70,295,0.16,0
build-4157,2025-09-16T16:34:09.726692,1673,10814,0.155,0.92,0.083,False,False,60,194,0.64,0
build-2452,2025-09-26T16:34:09.726692,1741,11452,0.152,0.88,0.058,False,True,86,135,0.53,0
build-3490,2025-09-27T16:34:09.726692,706,8098,0.087,0.84,0.059,False,False,63,227,0.77,1
build-5652,2025-09-10T16:34:09.726692,582,19113,0.03,0.9,0.013,False,False,80,171,0.84,0
build-6296,2025-09-24T16:34:09.726692,1337,5471,0.244,0.74,0.04,False,False,69,289,0.31,0
build-6246,2025-09-11T16:34:09.726692,774,6068,0.128,0.84,0.021,True,True,80,128,0.27,0
build-6800,2025-09-14T16:34:09.726692,1540,16191,0.095,0.92,0.026,True,False,77,186,0.4,0
build-7070,2025-09-13T16:34:09.726692,188,17104,0.011,0.75,0.045,False,True,68,215,0.35,0
build-5811,2025-10-04T16:34:09.726692,1499,12512,0.12,0.78,0.069,False,True,64,284,0.35,0
build-5513,2025-09-14T16:34:09.726692,1940,5673,0.342,0.8,0.045,True,False,61,164,0.81,1
build-1607,2025-09-12T16:34:09.726692,1208,8124,0.149,0.8,0.023,False,False,71,283,0.68,0
build-6200,2025-09-16T16:34:09.726692,1807,8093,0.223,0.89,0.097,True,True,67,267,0.8,1
build-7462,2025-10-01T16:34:09.726692,923,13510,0.068,0.73,0.029,False,True,80,139,0.81,1
build-1945,2025-09-28T16:34:09.726692,687,11971,0.057,0.81,0.044,False,False,69,154,0.74,0
build-4603,2025-09-23T16:34:09.726692,1423,19630,0.072,0.89,0.1,True,True,80,260,0.65,0
build-9398,2025-09-13T16:34:09.726692,1065,9796,0.109,0.81,0.031,True,False,66,294,0.59,0
build-5577,2025-09-16T16:34:09.726692,762,12559,0.061,0.72,0.043,True,True,70,206,0.82,1
build-8251,2025-10-01T16:34:09.726692,1575,6133,0.257,0.84,0.01,True,False,89,135,0.77,1
build-3866,2025-10-02T16:34:09.726692,213,17134,0.012,0.91,0.077,True,False,81,142,0.44,0
build-5965,2025-10-06T16:34:09.726692,1852,10348,0.179,0.91,0.049,True,False,60,228,0.24,0
build-6114,2025-09-12T16:34:09.726692,1466,10880,0.135,0.74,0.1,False,True,88,278,0.83,1
build-9006,2025-09-12T16:34:09.726692,309,9168,0.034,0.79,0.042,False,False,84,122,0.74,1
build-7640,2025-09-12T16:34:09.726692,513,11363,0.045,0.8,0.011,True,True,85,222,0.62,0
build-2869,2025-09-18T16:34:09.726692,498,6486,0.077,0.82,0.037,True,True,61,166,0.48,0
build-3498,2025-10-06T16:34:09.726692,1825,9264,0.197,0.82,0.01,False,True,61,174,0.49,0
build-8466,2025-09-13T16:34:09.726692,1793,18472,0.097,0.93,0.081,True,False,90,131,0.59,0
build-5584,2025-09-18T16:34:09.726692,212,11245,0.019,0.79,0.037,True,False,67,261,0.3,0
build-4617,2025-09-11T16:34:09.726692,526,16911,0.031,0.88,0.018,False,True,61,296,0.52,0
build-2052,2025-09-10T16:34:09.726692,1559,11120,0.14,0.89,0.084,True,True,68,196,0.68,0
build-9514,2025-09-14T16:34:09.726692,536,18149,0.03,0.9,0.034,True,False,86,162,0.35,0
build-3869,2025-09-28T16:34:09.726692,1573,17242,0.091,0.83,0.064,False,True,90,152,0.5,0
build-1794,2025-09-18T16:34:09.726692,1403,6755,0.208,0.9,0.049,True,False,72,234,0.38,0
build-8802,2025-09-18T16:34:09.726692,576,10936,0.053,0.74,0.094,False,True,87,154,0.66,0
build-2927,2025-09-25T16:34:09.726692,1892,5866,0.323,0.75,0.06,True,False,74,172,0.34,0
build-2829,2025-09-14T16:34:09.726692,889,11981,0.074,0.83,0.032,False,False,61,194,0.49,0
build-5287,2025-09-30T16:34:09.726692,1867,14786,0.126,0.94,0.045,False,False,87,265,0.26,0
build-9972,2025-09-29T16:34:09.726692,1569,13575,0.116,0.74,0.045,False,True,87,208,0.56,0
build-9693,2025-09-15T16:34:09.726692,1414,18515,0.076,0.72,0.051,False,False,83,172,0.22,0
build-2130,2025-09-26T16:34:09.726692,1138,12331,0.092,0.8,0.093,False,False,63,299,0.75,0
build-5208,2025-10-10T16:34:09.726692,1998,15397,0.13,0.71,0.019,True,True,67,228,0.52,0
build-2385,2025-09-14T16:34:09.726692,1988,11378,0.175,0.95,0.026,False,False,65,140,0.29,0
build-7090,2025-10-06T16:34:09.726692,259,12089,0.021,0.7,0.072,True,True,66,274,0.34,0
build-2860,2025-09-30T16:34:09.726692,1772,12230,0.145,0.79,0.085,False,False,65,158,0.85,0
build-2431,2025-09-13T16:34:09.726692,1123,6697,0.168,0.81,0.059,True,True,89,216,0.64,0
build-1944,2025-09-11T16:34:09.726692,1179,16236,0.073,0.82,0.07,False,False,89,121,0.89,1
build-2397,2025-10-08T16:34:09.726692,719,7770,0.093,0.83,0.099,True,True,85,192,0.76,1
build-3856,2025-09-10T16:34:09.726692,1410,9074,0.155,0.77,0.032,True,True,79,178,0.81,1
build-9611,2025-10-05T16:34:09.726692,1361,9820,0.139,0.74,0.019,True,True,77,239,0.38,0
build-7837,2025-09-22T16:34:09.726692,1209,13516,0.089,0.93,0.013,True,True,80,135,0.32,0
build-8899,2025-09-15T16:34:09.726692,971,8438,0.115,0.94,0.099,True,True,66,291,0.7,0
build-3717,2025-09-14T16:34:09.727723,1938,8407,0.231,0.76,0.095,False,True,88,230,0.32,0
build-9992,2025-09-30T16:34:09.727723,389,5798,0.067,0.84,0.09,True,False,88,180,0.55,0
build-3545,2025-09-11T16:34:09.727723,1110,18022,0.062,0.79,0.027,False,False,65,198,0.6,0
build-7069,2025-10-02T16:34:09.727723,1615,8389,0.193,0.91,0.058,True,False,63,201,0.18,0
build-5923,2025-09-30T16:34:09.727723,697,5223,0.133,0.77,0.065,True,False,87,177,0.39,0
build-9840,2025-09-17T16:34:09.727723,1853,14096,0.131,0.83,0.027,False,False,78,169,0.28,0
build-8772,2025-09-18T16:34:09.727723,1511,18603,0.081,0.8,0.098,True,False,88,250,0.21,0
build-2418,2025-09-28T16:34:09.727723,351,19197,0.018,0.72,0.02,True,True,68,173,0.79,1
build-7582,2025-09-29T16:34:09.727723,121,6376,0.019,0.89,0.029,False,True,70,197,0.85,0
build-2348,2025-09-18T16:34:09.727723,1105,19331,0.057,0.76,0.048,True,True,68,287,0.51,0
build-3977,2025-09-18T16:34:09.727723,1591,19967,0.08,0.88,0.027,False,True,73,136,0.78,1
build-5170,2025-09-30T16:34:09.727723,943,6157,0.153,0.91,0.08,True,True,62,125,0.4,0
build-1753,2025-09-19T16:34:09.727723,696,8098,0.086,0.85,0.046,True,True,82,220,0.63,0
build-9950,2025-09-27T16:34:09.727723,1463,5315,0.275,0.84,0.068,False,True,65,260,0.32,0
build-7727,2025-09-30T16:34:09.727723,469,15939,0.029,0.72,0.074,True,True,71,124,0.67,0
build-8910,2025-09-18T16:34:09.727723,1140,12842,0.089,0.73,0.05,False,True,81,282,0.28,0
build-2014,2025-09-13T16:34:09.727723,752,6705,0.112,0.78,0.023,False,False,82,290,0.74,1
build-1430,2025-09-28T16:34:09.727723,1841,12484,0.147,0.79,0.043,False,True,62,279,0.41,0
build-9568,2025-09-17T16:34:09.727723,431,11058,0.039,0.76,0.1,False,True,60,195,0.78,1
build-7640,2025-09-10T16:34:09.727723,477,15281,0.031,0.91,0.048,True,False,65,152,0.7,0
build-4809,2025-10-06T16:34:09.727723,1576,10703,0.147,0.79,0.069,True,False,85,222,0.66,0
build-9800,2025-09-22T16:34:09.727723,230,14946,0.015,0.78,0.028,True,True,78,266,0.59,0
build-5710,2025-09-10T16:34:09.727723,447,9167,0.049,0.89,0.093,False,True,63,234,0.42,0
build-7999,2025-09-23T16:34:09.727723,1292,6244,0.207,0.76,0.05,False,False,69,216,0.45,0
build-5901,2025-09-28T16:34:09.727723,393,14117,0.028,0.72,0.02,False,False,71,206,0.27,0
build-1592,2025-09-10T16:34:09.727723,1321,8408,0.157,0.85,0.029,True,False,69,139,0.23,0
build-6995,2025-09-22T16:34:09.727723,875,6857,0.128,0.95,0.082,True,False,90,205,0.18,0
build-5452,2025-09-20T16:34:09.727723,1380,9691,0.142,0.73,0.057,False,False,63,156,0.33,0
build-1144,2025-09-21T16:34:09.727723,1051,6276,0.167,0.91,0.099,False,True,76,292,0.18,0
build-7431,2025-10-06T16:34:09.727723,1322,5127,0.258,0.75,0.031,False,True,89,231,0.2,0
build-1536,2025-09-23T16:34:09.727723,336,10960,0.031,0.74,0.052,False,False,80,211,0.6,0
build-9625,2025-09-14T16:34:09.727723,1178,19529,0.06,0.94,0.068,False,False,78,180,0.64,0
build-7954,2025-10-08T16:34:09.727723,977,12573,0.078,0.85,0.04,True,True,85,210,0.2,0
build-4328,2025-09-12T16:34:09.727723,712,6972,0.102,0.85,0.019,True,True,84,239,0.54,0
build-9606,2025-10-07T16:34:09.727723,1125,15637,0.072,0.72,0.075,False,True,69,297,0.26,0
build-5329,2025-09-11T16:34:09.727723,951,18557,0.051,0.72,0.049,False,False,84,247,0.75,1
build-1822,2025-09-12T16:34:09.727723,920,5334,0.172,0.7,0.077,True,True,81,166,0.5,0
build-5962,2025-09-25T16:34:09.727723,683,19335,0.035,0.7,0.04,False,False,66,287,0.28,0
build-9871,2025-09-14T16:34:09.727723,194,16334,0.012,0.72,0.05,False,False,68,235,0.74,1
build-4989,2025-09-30T16:34:09.727723,1500,12981,0.116,0.94,0.017,False,False,71,277,0.12,0
build-1590,2025-09-11T16:34:09.727723,905,11716,0.077,0.71,0.032,True,True,70,275,0.45,0
build-7168,2025-09-12T16:34:09.727723,571,9716,0.059,0.88,0.024,True,True,63,195,0.86,1
build-4342,2025-10-09T16:34:09.727723,232,7306,0.032,0.78,0.09,False,False,64,241,0.42,0
build-6490,2025-09-15T16:34:09.727723,1611,18510,0.087,0.86,0.02,True,False,85,245,0.69,0
build-5121,2025-09-13T16:34:09.727723,1746,5233,0.334,0.81,0.085,False,False,73,209,0.66,0
build-9876,2025-10-09T16:34:09.727723,1291,11748,0.11,0.73,0.071,False,False,78,178,0.77,1
build-8782,2025-09-30T16:34:09.727723,1128,16087,0.07,0.81,0.077,True,True,82,124,0.5,0
build-7104,2025-09-27T16:34:09.727723,381,9334,0.041,0.8,0.016,False,False,77,243,0.4,0
build-9224,2025-09-24T16:34:09.727723,539,13039,0.041,0.85,0.066,False,True,80,202,0.12,0
build-4751,2025-09-22T16:34:09.727723,1673,9741,0.172,0.87,0.047,False,True,76,121,0.89,1
build-6566,2025-09-30T16:34:09.727723,873,16392,0.053,0.75,0.012,True,True,78,173,0.18,0
build-8719,2025-09-27T16:34:09.727723,731,15648,0.047,0.84,0.069,False,True,64,267,0.66,0
build-6941,2025-09-13T16:34:09.727723,1787,15857,0.113,0.82,0.064,True,False,66,177,0.34,0
build-1812,2025-10-05T16:34:09.727723,1550,19233,0.081,0.87,0.029,True,False,89,166,0.64,0
build-5857,2025-10-07T16:34:09.727723,1843,11898,0.155,0.86,0.069,True,False,76,192,0.77,1
build-3242,2025-10-04T16:34:09.727723,471,14653,0.032,0.83,0.027,False,False,64,144,0.5,0
build-2557,2025-09-29T16:34:09.727723,226,8897,0.025,0.84,0.012,True,False,88,132,0.36,0
build-3163,2025-09-26T16:34:09.727723,1092,17386,0.063,0.81,0.088,True,True,89,142,0.26,0
build-3482,2025-09-25T16:34:09.727723,1751,11170,0.157,0.92,0.053,True,False,73,219,0.82,0
build-4317,2025-10-07T16:34:09.727723,1699,8952,0.19,0.73,0.08,True,True,74,136,0.77,0
build-8120,2025-09-16T16:34:09.727723,1772,10443,0.17,0.72,0.013,False,False,77,186,0.84,1
build-7136,2025-09-11T16:34:09.727723,1872,18005,0.104,0.87,0.013,True,True,89,285,0.58,0
build-2061,2025-09-14T16:34:09.727723,1159,15407,0.075,0.92,0.041,True,True,66,220,0.62,0
build-8302,2025-09-10T16:34:09.727723,1807,10879,0.166,0.75,0.081,True,True,62,217,0.53,0
build-6636,2025-09-28T16:34:09.727723,1338,7683,0.174,0.78,0.066,False,True,69,157,0.19,0
build-3230,2025-10-03T16:34:09.727723,1962,10419,0.188,0.75,0.035,True,True,73,194,0.25,0
build-2512,2025-10-05T16:34:09.727723,956,17953,0.053,0.71,0.037,True,True,87,192,0.6,0
build-4601,2025-09-16T16:34:09.727723,1152,18194,0.063,0.85,0.02,False,False,70,194,0.75,1
build-4031,2025-09-29T16:34:09.727723,1059,6338,0.167,0.74,0.036,True,False,60,257,0.16,0
build-3914,2025-09-19T16:34:09.727723,1154,16702,0.069,0.92,0.067,True,False,65,191,0.47,0
build-6965,2025-10-10T16:34:09.727723,1016,16392,0.062,0.9,0.03,False,True,86,157,0.14,0
build-4514,2025-10-04T16:34:09.727723,772,19514,0.04,0.83,0.087,True,False,85,250,0.37,0
build-8374,2025-09-20T16:34:09.727723,1612,6276,0.257,0.85,0.013,True,False,79,250,0.75,1
build-6861,2025-09-17T16:34:09.727723,1920,18815,0.102,0.89,0.041,False,False,88,166,0.9,0
build-8565,2025-09-24T16:34:09.727723,1676,17407,0.096,0.86,0.081,False,True,61,228,0.84,1
build-2927,2025-10-02T16:34:09.727723,263,16696,0.016,0.77,0.029,False,False,61,252,0.49,0
build-7780,2025-09-29T16:34:09.727723,1747,10943,0.16,0.81,0.044,True,False,64,120,0.79,1
build-7708,2025-09-14T16:34:09.727723,1838,18222,0.101,0.93,0.035,False,True,80,296,0.56,0
build-4368,2025-09-15T16:34:09.727723,1360,18386,0.074,0.78,0.037,False,False,80,276,0.64,0
build-2923,2025-09-12T16:34:09.727723,1422,5458,0.261,0.74,0.021,True,False,70,243,0.71,1
build-2827,2025-10-09T16:34:09.727723,1342,13424,0.1,0.85,0.019,False,True,63,190,0.23,0
build-9359,2025-10-06T16:34:09.727723,1292,10370,0.125,0.81,0.099,True,True,81,124,0.44,0
build-1787,2025-09-27T16:34:09.727723,1762,7462,0.236,0.76,0.083,False,False,60,147,0.77,0
build-3529,2025-09-28T16:34:09.727723,1032,18041,0.057,0.78,0.098,True,False,83,214,0.68,0
build-8368,2025-09-10T16:34:09.727723,481,18815,0.026,0.77,0.038,False,True,66,299,0.63,0
build-5782,2025-10-07T16:34:09.727723,1078,13862,0.078,0.86,0.022,True,False,64,138,0.53,0
build-1095,2025-09-18T16:34:09.727723,1600,18730,0.085,0.92,0.067,True,True,60,241,0.5,0
build-9205,2025-09-29T16:34:09.727723,1823,6606,0.276,0.74,0.05,True,False,78,137,0.38,0
build-3004,2025-09-30T16:34:09.727723,1218,16237,0.075,0.79,0.089,False,True,88,292,0.42,0
build-4715,2025-10-07T16:34:09.727723,1045,9202,0.114,0.72,0.043,True,False,63,267,0.85,1
build-3238,2025-09-14T16:34:09.727723,1496,17848,0.084,0.88,0.025,False,False,73,290,0.68,0
build-3317,2025-09-26T16:34:09.727723,620,11784,0.053,0.71,0.085,True,False,82,220,0.35,0
build-9990,2025-09-28T16:34:09.727723,382,18530,0.021,0.72,0.04,True,False,89,262,0.84,1
build-4858,2025-09-12T16:34:09.727723,916,5232,0.175,0.79,0.098,True,True,76,208,0.49,0
build-4802,2025-09-17T16:34:09.727723,1214,9097,0.133,0.89,0.074,True,True,71,234,0.12,0
build-6258,2025-09-23T16:34:09.727723,312,6046,0.052,0.8,0.027,True,True,83,228,0.47,0
build-1301,2025-09-15T16:34:09.727723,1167,9631,0.121,0.72,0.033,False,True,63,174,0.46,0
build-1547,2025-10-02T16:34:09.727723,1692,7434,0.228,0.91,0.047,True,True,87,219,0.87,1
build-5936,2025-10-03T16:34:09.727723,1716,6108,0.281,0.94,0.067,False,True,75,193,0.44,0
build-9277,2025-10-02T16:34:09.727723,1913,8200,0.233,0.8,0.048,False,True,80,257,0.39,0
build-4588,2025-10-06T16:34:09.727723,272,16509,0.016,0.71,0.088,False,True,86,131,0.11,0
build-9287,2025-09-27T16:34:09.727723,868,17316,0.05,0.72,0.02,True,False,85,156,0.11,0
build-3917,2025-09-26T16:34:09.727723,1744,6460,0.27,0.9,0.036,False,True,73,142,0.18,0
build-1070,2025-09-26T16:34:09.727723,656,15220,0.043,0.81,0.034,True,True,67,132,0.75,0
build-8117,2025-09-15T16:34:09.727723,1270,13237,0.096,0.91,0.078,False,False,74,242,0.53,0
build-2076,2025-09-14T16:34:09.727723,1965,17746,0.111,0.82,0.055,True,True,65,165,0.49,0
build-2436,2025-09-19T16:34:09.727723,1331,16965,0.078,0.9,0.052,False,False,89,224,0.83,1
build-6329,2025-10-07T16:34:09.727723,1607,18912,0.085,0.8,0.094,True,False,70,257,0.63,0
build-1223,2025-09-23T16:34:09.727723,1738,10741,0.162,0.73,0.079,True,True,81,133,0.26,0
build-7090,2025-10-06T16:34:09.727723,808,7092,0.114,0.85,0.054,True,False,66,278,0.53,0
build-3806,2025-09-12T16:34:09.727723,1296,15091,0.086,0.88,0.084,False,True,63,293,0.27,0
build-9135,2025-10-04T16:34:09.727723,1161,17008,0.068,0.86,0.048,False,False,65,192,0.77,1
build-4557,2025-10-09T16:34:09.727723,1643,18009,0.091,0.82,0.067,False,True,88,225,0.5,0
build-8195,2025-10-05T16:34:09.727723,1077,5877,0.183,0.95,0.053,True,True,86,290,0.68,0
build-2198,2025-09-20T16:34:09.727723,1962,8550,0.229,0.83,0.042,True,False,74,202,0.16,0
build-3025,2025-09-19T16:34:09.727723,833,15563,0.054,0.73,0.044,False,False,85,178,0.11,0
build-9455,2025-09-18T16:34:09.727723,871,12530,0.07,0.74,0.016,False,False,74,282,0.1,0
build-4044,2025-10-09T16:34:09.728727,1126,18612,0.06,0.78,0.08,True,True,83,251,0.37,0
build-8587,2025-09-25T16:34:09.728727,1781,5432,0.328,0.72,0.08,False,False,90,193,0.84,1
build-5915,2025-09-21T16:34:09.728727,1243,5991,0.207,0.95,0.038,True,True,68,184,0.29,0
build-4895,2025-09-24T16:34:09.728727,1932,8648,0.223,0.75,0.1,False,True,80,197,0.83,1
build-9593,2025-10-10T16:34:09.728727,214,7698,0.028,0.88,0.054,True,True,69,214,0.77,1
build-6218,2025-09-10T16:34:09.728727,1868,8094,0.231,0.94,0.011,False,True,67,229,0.22,0
build-5065,2025-09-18T16:34:09.728727,1358,9152,0.148,0.74,0.082,False,False,65,257,0.45,0
build-2904,2025-10-07T16:34:09.728727,1631,17908,0.091,0.83,0.021,True,True,73,191,0.59,0
build-2274,2025-09-26T16:34:09.728727,1508,17240,0.087,0.79,0.035,True,True,78,249,0.69,0
build-6826,2025-10-04T16:34:09.728727,585,14887,0.039,0.86,0.02,True,True,84,134,0.33,0
build-2658,2025-10-02T16:34:09.728727,1862,11974,0.156,0.79,0.049,True,False,67,260,0.68,0
build-6153,2025-09-12T16:34:09.728727,1947,13487,0.144,0.87,0.051,False,True,87,178,0.65,0
build-5112,2025-09-16T16:34:09.728727,483,16283,0.03,0.86,0.055,True,False,79,224,0.65,0
build-7344,2025-09-23T16:34:09.728727,1201,14824,0.081,0.86,0.041,True,True,74,174,0.69,0
build-1886,2025-09-12T16:34:09.728727,1841,12343,0.149,0.8,0.079,False,False,71,207,0.21,0
build-6706,2025-10-07T16:34:09.728727,267,8767,0.03,0.94,0.088,True,False,76,241,0.72,1
build-6651,2025-10-02T16:34:09.728727,1325,14973,0.088,0.89,0.028,True,True,60,240,0.62,0
build-8424,2025-09-27T16:34:09.728727,1651,11810,0.14,0.91,0.072,True,False,70,187,0.72,1
build-5384,2025-09-12T16:34:09.728727,144,6336,0.023,0.82,0.021,True,True,86,149,0.23,0
build-1148,2025-09-21T16:34:09.728727,966,16472,0.059,0.76,0.02,False,True,68,150,0.22,0
build-8183,2025-09-19T16:34:09.728727,1234,5420,0.228,0.75,0.094,True,False,86,243,0.57,0
build-3377,2025-09-17T16:34:09.728727,1675,7676,0.218,0.89,0.081,False,False,62,279,0.87,0
build-3668,2025-09-27T16:34:09.728727,1966,17269,0.114,0.73,0.095,True,False,85,147,0.61,0
build-7463,2025-10-06T16:34:09.728727,661,10980,0.06,0.73,0.049,True,False,77,188,0.15,0
build-2014,2025-09-30T16:34:09.728727,668,16651,0.04,0.85,0.011,False,False,84,163,0.65,0
build-9783,2025-09-24T16:34:09.728727,1586,15729,0.101,0.89,0.061,False,False,70,259,0.75,1
build-9787,2025-10-07T16:34:09.728727,732,6190,0.118,0.9,0.067,False,True,75,277,0.27,0
build-1729,2025-10-01T16:34:09.728727,1425,19860,0.072,0.9,0.09,True,True,67,276,0.3,0
build-2649,2025-09-10T16:34:09.728727,214,13060,0.016,0.87,0.054,True,False,70,178,0.59,0
build-9845,2025-09-14T16:34:09.728727,1542,18719,0.082,0.76,0.092,False,True,79,159,0.19,0
build-6817,2025-10-04T16:34:09.728727,215,7665,0.028,0.86,0.041,True,True,84,136,0.15,0
build-9106,2025-10-04T16:34:09.728727,1263,9611,0.131,0.82,0.078,False,True,75,215,0.44,0
build-5466,2025-09-30T16:34:09.728727,1768,14617,0.121,0.89,0.016,False,False,63,157,0.67,0
build-3935,2025-09-12T16:34:09.728727,437,14517,0.03,0.86,0.036,False,True,72,275,0.65,0
build-5734,2025-10-04T16:34:09.728727,271,19520,0.014,0.9,0.04,True,False,82,135,0.53,0
build-6499,2025-09-27T16:34:09.728727,1011,11954,0.085,0.75,0.063,False,True,87,169,0.84,1
build-2764,2025-10-02T16:34:09.728727,1413,8309,0.17,0.72,0.058,True,True,78,154,0.7,0
build-4860,2025-10-01T16:34:09.728727,686,13964,0.049,0.82,0.076,True,False,66,290,0.52,0
build-6304,2025-09-14T16:34:09.728727,831,11107,0.075,0.73,0.083,True,True,70,139,0.54,0
build-7501,2025-10-09T16:34:09.728727,183,13868,0.013,0.82,0.091,False,True,69,247,0.63,0
build-3239,2025-09-13T16:34:09.728727,1896,11485,0.165,0.75,0.039,False,True,62,289,0.67,0
build-3136,2025-09-30T16:34:09.728727,122,14569,0.008,0.83,0.043,True,False,90,235,0.52,0
build-4487,2025-10-01T16:34:09.728727,1983,8303,0.239,0.75,0.024,True,True,66,247,0.28,0
build-3833,2025-09-30T16:34:09.728727,1617,19388,0.083,0.73,0.026,True,True,82,249,0.64,0
build-2252,2025-09-25T16:34:09.728727,956,19335,0.049,0.74,0.07,True,False,88,162,0.8,0
build-5618,2025-09-29T16:34:09.728727,1418,17483,0.081,0.73,0.061,True,False,72,282,0.26,0
build-1256,2025-09-23T16:34:09.728727,404,14009,0.029,0.92,0.1,True,False,88,286,0.76,1
build-1717,2025-09-20T16:34:09.728727,1933,17926,0.108,0.75,0.084,False,False,89,176,0.38,0
build-9868,2025-09-21T16:34:09.728727,305,17055,0.018,0.71,0.075,False,True,65,209,0.58,0
build-1554,2025-09-16T16:34:09.728727,1751,6675,0.262,0.74,0.081,False,False,84,281,0.64,0
build-8348,2025-10-07T16:34:09.728727,1166,9890,0.118,0.76,0.073,False,True,80,141,0.49,0
build-6175,2025-09-11T16:34:09.728727,707,6908,0.102,0.81,0.02,False,True,63,256,0.75,0
build-5672,2025-09-29T16:34:09.728727,1133,7536,0.15,0.73,0.099,False,True,63,180,0.81,1
build-2521,2025-09-26T16:34:09.728727,1772,10204,0.174,0.84,0.074,True,True,76,218,0.75,1
build-4275,2025-09-17T16:34:09.728727,320,9975,0.032,0.79,0.026,False,True,76,214,0.5,0
build-6387,2025-09-18T16:34:09.728727,845,9398,0.09,0.7,0.08,False,True,88,182,0.9,1
build-3931,2025-09-19T16:34:09.728727,1411,15538,0.091,0.87,0.088,False,True,78,280,0.59,0
build-2572,2025-09-28T16:34:09.728727,1210,6928,0.175,0.88,0.042,False,True,67,294,0.65,0
build-4630,2025-09-25T16:34:09.728727,809,16765,0.048,0.85,0.071,True,True,74,202,0.68,0
build-7064,2025-09-10T16:34:09.728727,301,19352,0.016,0.93,0.037,True,False,72,185,0.73,1
build-2944,2025-10-06T16:34:09.728727,1943,11078,0.175,0.81,0.058,False,False,76,140,0.78,1
build-8815,2025-09-28T16:34:09.728727,996,14827,0.067,0.73,0.075,True,False,77,192,0.24,0
build-1082,2025-09-28T16:34:09.728727,1456,11888,0.122,0.91,0.01,True,True,81,151,0.7,0
build-7929,2025-09-14T16:34:09.728727,1028,16240,0.063,0.81,0.037,True,True,67,218,0.73,0
build-3060,2025-09-22T16:34:09.728727,1162,14826,0.078,0.93,0.081,False,False,65,196,0.42,0
build-7302,2025-10-01T16:34:09.728727,692,14589,0.047,0.72,0.076,False,False,60,232,0.42,0
build-8734,2025-10-04T16:34:09.728727,1410,5086,0.277,0.82,0.055,True,True,74,205,0.78,1
build-3822,2025-09-12T16:34:09.728727,1003,17013,0.059,0.91,0.086,False,True,69,254,0.83,1
build-3669,2025-10-02T16:34:09.728727,1695,11475,0.148,0.7,0.066,True,True,63,207,0.61,0
build-3511,2025-10-07T16:34:09.728727,852,10245,0.083,0.85,0.063,False,False,62,250,0.85,1
build-3229,2025-09-15T16:34:09.728727,1142,16393,0.07,0.91,0.03,False,True,81,193,0.11,0
build-3310,2025-10-08T16:34:09.728727,954,7585,0.126,0.79,0.079,False,True,66,190,0.7,0
build-7743,2025-09-25T16:34:09.728727,1760,14719,0.12,0.9,0.049,False,False,64,127,0.65,0
build-3933,2025-09-20T16:34:09.728727,1813,10226,0.177,0.87,0.07,False,False,69,166,0.62,0
build-9669,2025-09-29T16:34:09.728727,1299,19661,0.066,0.87,0.059,False,False,76,131,0.69,0
build-8686,2025-09-25T16:34:09.728727,394,18169,0.022,0.77,0.069,True,True,72,155,0.18,0
build-5380,2025-09-19T16:34:09.728727,870,5665,0.154,0.82,0.055,False,False,74,182,0.51,0
build-5753,2025-09-12T16:34:09.728727,1933,18088,0.107,0.71,0.032,False,False,61,250,0.48,0
build-5366,2025-09-11T16:34:09.728727,1940,17144,0.113,0.93,0.1,False,False,80,276,0.19,0
build-3486,2025-09-21T16:34:09.728727,282,13476,0.021,0.93,0.055,False,False,77,214,0.52,0
build-1469,2025-09-30T16:34:09.728727,220,11340,0.019,0.86,0.012,False,True,72,274,0.7,0
build-5925,2025-09-30T16:34:09.728727,270,6060,0.045,0.72,0.042,False,True,72,123,0.28,0
build-6967,2025-09-26T16:34:09.728727,405,19261,0.021,0.9,0.067,True,True,80,140,0.85,1
build-1732,2025-09-22T16:34:09.728727,1588,11361,0.14,0.89,0.015,True,False,74,135,0.52,0
build-1883,2025-09-13T16:34:09.728727,1070,17893,0.06,0.89,0.061,False,True,72,160,0.71,1
build-7933,2025-10-05T16:34:09.728727,957,7833,0.122,0.87,0.036,True,False,84,157,0.59,0
build-9450,2025-10-01T16:34:09.728727,1237,15063,0.082,0.77,0.013,True,True,75,223,0.43,0
build-4146,2025-10-05T16:34:09.728727,628,17787,0.035,0.86,0.011,True,True,72,131,0.46,0
build-7363,2025-10-09T16:34:09.728727,432,18532,0.023,0.83,0.039,True,False,90,123,0.73,1
build-2378,2025-09-17T16:34:09.728727,1977,12197,0.162,0.92,0.042,False,True,81,131,0.35,0
build-5943,2025-09-16T16:34:09.728727,463,16372,0.028,0.76,0.02,False,False,90,248,0.55,0
build-5946,2025-09-28T16:34:09.728727,1638,18394,0.089,0.92,0.049,False,False,87,159,0.7,0
build-1633,2025-10-01T16:34:09.728727,1556,16567,0.094,0.83,0.014,True,False,90,206,0.43,0
build-5085,2025-09-23T16:34:09.728727,1865,6016,0.31,0.71,0.034,False,True,64,226,0.44,0
build-4291,2025-09-22T16:34:09.728727,1299,5768,0.225,0.81,0.079,True,False,76,293,0.87,1
build-2490,2025-09-15T16:34:09.728727,101,8419,0.012,0.71,0.086,True,True,87,214,0.32,0
build-4564,2025-09-16T16:34:09.728727,1906,18394,0.104,0.91,0.052,True,True,90,248,0.2,0
build-7773,2025-10-02T16:34:09.728727,554,14438,0.038,0.87,0.047,True,True,86,274,0.67,0
build-7711,2025-10-04T16:34:09.728727,311,7439,0.042,0.82,0.047,False,False,86,238,0.3,0
build-9372,2025-10-01T16:34:09.728727,206,14886,0.014,0.95,0.076,True,True,66,177,0.28,0
build-9106,2025-09-14T16:34:09.728727,1512,15309,0.099,0.94,0.065,False,True,89,214,0.23,0
build-9979,2025-10-09T16:34:09.728727,1560,5676,0.275,0.87,0.01,False,True,67,293,0.63,0
build-7120,2025-09-10T16:34:09.728727,193,13173,0.015,0.82,0.097,False,True,67,140,0.24,0
build-4258,2025-09-15T16:34:09.728727,1047,9196,0.114,0.87,0.093,True,False,78,287,0.22,0
build-7051,2025-09-19T16:34:09.728727,1001,18459,0.054,0.84,0.061,False,False,67,123,0.52,0
build-1173,2025-09-16T16:34:09.728727,593,6886,0.086,0.75,0.082,False,True,71,270,0.1,0
build-2912,2025-09-12T16:34:09.728727,560,19197,0.029,0.86,0.028,True,False,70,139,0.32,0
build-2772,2025-09-25T16:34:09.728727,727,11270,0.065,0.79,0.056,True,True,79,280,0.34,0
build-2869,2025-09-22T16:34:09.728727,148,7727,0.019,0.71,0.017,False,False,66,235,0.15,0
build-4652,2025-09-21T16:34:09.728727,1581,17044,0.093,0.8,0.049,False,True,64,240,0.84,1
build-3658,2025-09-29T16:34:09.728727,1463,12493,0.117,0.93,0.032,False,True,74,294,0.19,0
build-6585,2025-10-09T16:34:09.728727,1702,15165,0.112,0.82,0.098,True,True,80,255,0.79,1
build-3748,2025-09-13T16:34:09.728727,1480,13099,0.113,0.81,0.057,True,False,85,136,0.31,0
build-9725,2025-10-03T16:34:09.728727,177,10656,0.017,0.94,0.094,False,True,89,252,0.8,0
build-6166,2025-09-17T16:34:09.728727,1134,16100,0.07,0.91,0.055,True,True,76,237,0.62,0
build-3109,2025-10-08T16:34:09.728727,1624,15923,0.102,0.71,0.072,True,False,82,287,0.11,0
build-3499,2025-10-04T16:34:09.728727,1890,8907,0.212,0.72,0.03,False,False,86,186,0.63,0
build-9176,2025-09-10T16:34:09.728727,253,9458,0.027,0.88,0.048,False,False,66,137,0.39,0
build-6887,2025-09-29T16:34:09.728727,1483,19403,0.076,0.79,0.09,True,False,64,300,0.77,1
build-8970,2025-09-24T16:34:09.728727,1045,15143,0.069,0.8,0.092,False,False,89,147,0.55,0
build-4063,2025-10-09T16:34:09.729727,895,17780,0.05,0.9,0.012,False,False,83,274,0.84,1
build-6063,2025-10-09T16:34:09.729727,1824,15831,0.115,0.76,0.021,True,False,72,192,0.14,0
build-7942,2025-09-21T16:34:09.729727,1248,15545,0.08,0.7,0.066,False,True,69,271,0.76,1
build-6668,2025-09-10T16:34:09.729727,643,10536,0.061,0.85,0.015,True,False,78,147,0.27,0
build-5096,2025-10-09T16:34:09.729727,403,19655,0.021,0.92,0.019,False,True,75,227,0.11,0
build-3415,2025-09-22T16:34:09.729727,1918,12000,0.16,0.84,0.097,False,False,80,298,0.32,0
build-8308,2025-09-15T16:34:09.729727,753,15627,0.048,0.8,0.064,True,True,84,197,0.73,0
build-6820,2025-09-21T16:34:09.729727,1072,7299,0.147,0.94,0.097,True,True,66,195,0.68,0
build-8049,2025-09-26T16:34:09.729727,1200,19638,0.061,0.94,0.073,True,True,76,222,0.55,0
build-3946,2025-10-02T16:34:09.729727,323,9221,0.035,0.84,0.065,True,True,87,161,0.84,1
build-5649,2025-09-30T16:34:09.729727,435,9620,0.045,0.8,0.091,True,False,70,299,0.66,0
build-4377,2025-09-30T16:34:09.729727,1373,13645,0.101,0.85,0.084,False,False,78,240,0.3,0
build-4207,2025-10-08T16:34:09.729727,1320,10608,0.124,0.87,0.011,True,False,87,169,0.32,0
build-3681,2025-09-16T16:34:09.729727,838,17064,0.049,0.71,0.049,False,True,72,234,0.4,0
build-9404,2025-10-08T16:34:09.729727,1752,7413,0.236,0.9,0.013,False,True,90,182,0.69,0
build-1708,2025-09-21T16:34:09.729727,1047,15411,0.068,0.82,0.014,False,True,70,224,0.65,0
build-6052,2025-09-22T16:34:09.729727,1943,14309,0.136,0.93,0.038,True,False,71,252,0.23,0
build-8906,2025-10-09T16:34:09.729727,471,9011,0.052,0.75,0.04,True,False,84,248,0.33,0
build-4540,2025-10-05T16:34:09.729727,1816,12273,0.148,0.84,0.022,True,True,73,224,0.73,1
build-8369,2025-10-09T16:34:09.729727,841,8838,0.095,0.74,0.09,True,True,64,240,0.18,0
build-2205,2025-09-12T16:34:09.729727,1989,10475,0.19,0.78,0.017,True,False,80,242,0.27,0
build-6635,2025-09-29T16:34:09.729727,581,8775,0.066,0.86,0.019,True,True,85,159,0.51,0
build-2706,2025-10-09T16:34:09.729727,739,13894,0.053,0.93,0.056,False,True,68,274,0.22,0
build-2979,2025-10-08T16:34:09.729727,1075,9830,0.109,0.81,0.054,True,True,85,159,0.48,0
build-2317,2025-09-16T16:34:09.729727,401,14686,0.027,0.89,0.029,True,True,73,154,0.44,0
build-7608,2025-09-19T16:34:09.729727,1691,15793,0.107,0.8,0.07,False,True,88,193,0.5,0
build-6224,2025-10-10T16:34:09.729727,569,15158,0.038,0.78,0.026,False,False,80,294,0.15,0
build-9191,2025-09-25T16:34:09.729727,459,16015,0.029,0.75,0.044,False,True,76,292,0.78,0
build-9373,2025-09-18T16:34:09.729727,480,8790,0.055,0.9,0.058,False,False,63,150,0.21,0
build-8168,2025-09-13T16:34:09.729727,1389,12962,0.107,0.85,0.073,True,True,74,149,0.62,0
build-3665,2025-09-29T16:34:09.729727,1248,6170,0.202,0.81,0.025,False,True,72,177,0.8,1
build-8399,2025-09-12T16:34:09.729727,696,6853,0.102,0.84,0.047,True,True,66,245,0.53,0
build-2380,2025-09-20T16:34:09.729727,1822,17934,0.102,0.76,0.1,False,True,63,120,0.89,1
build-8253,2025-09-17T16:34:09.729727,1539,10834,0.142,0.71,0.099,True,False,60,243,0.66,0
build-4787,2025-10-05T16:34:09.729727,810,8227,0.098,0.84,0.098,True,True,62,246,0.47,0
build-6643,2025-09-14T16:34:09.729727,1091,15075,0.072,0.82,0.083,False,False,76,295,0.73,1
build-9299,2025-09-18T16:34:09.729727,783,11921,0.066,0.86,0.045,True,True,70,247,0.79,1
build-7309,2025-10-05T16:34:09.729727,1622,12370,0.131,0.8,0.099,False,True,78,281,0.82,1
build-6071,2025-09-14T16:34:09.729727,1035,8405,0.123,0.94,0.048,False,True,83,227,0.71,1
build-3296,2025-09-19T16:34:09.729727,156,13363,0.012,0.95,0.046,True,True,63,242,0.33,0
build-5190,2025-10-01T16:34:09.729727,1819,19471,0.093,0.78,0.058,True,True,69,184,0.84,1
build-2807,2025-09-22T16:34:09.729727,1575,16061,0.098,0.88,0.09,True,True,80,186,0.16,0
build-1202,2025-10-09T16:34:09.729727,407,9167,0.044,0.8,0.07,False,False,80,146,0.5,0
build-7589,2025-10-09T16:34:09.729727,1875,17976,0.104,0.72,0.089,False,True,85,167,0.17,0
build-9051,2025-09-14T16:34:09.729727,764,6870,0.111,0.83,0.03,False,False,71,199,0.61,0
build-3964,2025-09-17T16:34:09.729727,1399,8878,0.158,0.78,0.086,False,False,79,256,0.36,0
build-1207,2025-09-23T16:34:09.729727,1697,16759,0.101,0.77,0.082,False,True,70,269,0.88,1
build-5967,2025-09-13T16:34:09.729727,626,17208,0.036,0.86,0.018,True,False,66,155,0.9,1
build-6936,2025-09-13T16:34:09.729727,1131,13274,0.085,0.89,0.097,False,True,62,217,0.84,0
build-5484,2025-09-13T16:34:09.729727,260,8363,0.031,0.72,0.016,False,False,65,209,0.83,1
build-5566,2025-09-13T16:34:09.729727,1786,14687,0.122,0.86,0.094,False,True,64,199,0.63,0
build-2167,2025-10-05T16:34:09.729727,1910,7511,0.254,0.95,0.1,False,True,60,279,0.87,1
build-2681,2025-09-10T16:34:09.729727,1828,18276,0.1,0.8,0.054,True,True,69,132,0.13,0
build-4706,2025-10-01T16:34:09.729727,822,15444,0.053,0.82,0.019,False,False,73,140,0.14,0
build-9280,2025-10-06T16:34:09.729727,1945,19070,0.102,0.9,0.062,True,False,69,144,0.18,0
build-8969,2025-09-13T16:34:09.729727,1026,18684,0.055,0.92,0.076,False,False,64,292,0.37,0
build-6265,2025-10-03T16:34:09.729727,754,6281,0.12,0.74,0.082,True,False,64,130,0.17,0
build-2220,2025-09-19T16:34:09.729727,408,10684,0.038,0.79,0.013,True,False,79,267,0.81,1
build-7251,2025-09-14T16:34:09.729727,1274,11845,0.108,0.92,0.085,True,False,88,233,0.13,0
build-3403,2025-10-05T16:34:09.729727,1177,9481,0.124,0.85,0.018,False,False,78,156,0.19,0
build-2692,2025-09-22T16:34:09.729727,1683,8469,0.199,0.88,0.012,False,True,72,194,0.6,0
build-4578,2025-09-25T16:34:09.729727,1441,13851,0.104,0.79,0.037,False,False,63,220,0.77,0
build-7943,2025-09-24T16:34:09.729727,666,9400,0.071,0.79,0.061,False,True,66,185,0.86,0
build-2897,2025-10-04T16:34:09.729727,1866,17210,0.108,0.85,0.034,True,True,65,257,0.54,0
build-4268,2025-09-17T16:34:09.729727,1743,8170,0.213,0.9,0.085,False,True,80,131,0.18,0
build-5076,2025-09-10T16:34:09.729727,1696,18249,0.093,0.77,0.096,True,False,71,220,0.13,0
build-4582,2025-09-25T16:34:09.729727,459,17779,0.026,0.85,0.03,True,True,86,199,0.29,0
build-8755,2025-10-07T16:34:09.729727,336,17433,0.019,0.88,0.029,True,True,61,249,0.21,0
build-5529,2025-09-30T16:34:09.729727,1918,14992,0.128,0.92,0.024,False,False,62,125,0.72,1
build-4395,2025-10-10T16:34:09.729727,1406,18268,0.077,0.86,0.053,False,True,72,183,0.48,0
build-9505,2025-10-01T16:34:09.729727,1226,14785,0.083,0.91,0.02,True,False,71,255,0.15,0
build-8321,2025-09-20T16:34:09.729727,878,19160,0.046,0.7,0.03,True,False,72,287,0.39,0
build-2417,2025-09-27T16:34:09.729727,490,12324,0.04,0.84,0.038,False,True,83,221,0.14,0
build-4818,2025-09-28T16:34:09.729727,126,6889,0.018,0.94,0.07,True,False,71,197,0.5,0
build-8441,2025-09-10T16:34:09.729727,1390,12626,0.11,0.77,0.044,False,True,76,233,0.19,0
build-8673,2025-10-04T16:34:09.729727,328,19945,0.016,0.87,0.08,False,False,65,131,0.78,1
build-1532,2025-09-10T16:34:09.729727,100,10001,0.01,0.9,0.088,True,False,69,236,0.43,0
build-3464,2025-10-06T16:34:09.729727,1089,16155,0.067,0.92,0.098,False,True,71,157,0.26,0
build-8563,2025-10-10T16:34:09.729727,468,19355,0.024,0.76,0.03,True,False,65,141,0.48,0
build-3959,2025-10-09T16:34:09.729727,1567,13435,0.117,0.79,0.035,False,False,87,287,0.12,0
build-7317,2025-09-22T16:34:09.729727,567,13178,0.043,0.74,0.039,True,False,76,125,0.16,0
build-5414,2025-09-24T16:34:09.729727,478,8397,0.057,0.75,0.065,True,True,85,149,0.88,1
build-2183,2025-09-21T16:34:09.729727,1619,14276,0.113,0.86,0.049,True,False,87,126,0.28,0
build-2473,2025-09-12T16:34:09.729727,1947,14510,0.134,0.93,0.064,False,False,78,204,0.4,0
build-5588,2025-09-12T16:34:09.729727,1184,9590,0.123,0.92,0.013,True,True,87,216,0.72,1
build-7955,2025-09-13T16:34:09.729727,846,19621,0.043,0.72,0.011,True,False,61,156,0.36,0
build-5981,2025-10-08T16:34:09.729727,294,12926,0.023,0.8,0.081,True,False,85,125,0.27,0
build-2310,2025-10-09T16:34:09.729727,1572,13084,0.12,0.82,0.03,False,True,81,212,0.55,0
build-4238,2025-10-02T16:34:09.729727,1788,18527,0.097,0.9,0.071,False,False,65,192,0.53,0
build-5230,2025-09-15T16:34:09.729727,528,8944,0.059,0.88,0.018,False,False,68,208,0.67,0
build-8957,2025-10-06T16:34:09.729727,510,6105,0.084,0.75,0.056,True,False,60,174,0.38,0
build-6007,2025-09-20T16:34:09.729727,475,18070,0.026,0.89,0.074,False,False,73,242,0.58,0
build-9495,2025-10-07T16:34:09.729727,683,8577,0.08,0.87,0.077,False,False,80,280,0.56,0
build-6090,2025-10-07T16:34:09.729727,1286,16775,0.077,0.87,0.044,True,True,80,186,0.82,0
build-4964,2025-09-20T16:34:09.729727,262,15086,0.017,0.92,0.085,False,False,88,123,0.88,1
build-3300,2025-09-28T16:34:09.729727,1409,9578,0.147,0.86,0.03,False,False,88,198,0.12,0
build-2918,2025-09-29T16:34:09.729727,1033,17592,0.059,0.76,0.014,True,False,73,196,0.53,0
build-6065,2025-10-04T16:34:09.729727,748,12620,0.059,0.94,0.034,True,True,70,228,0.15,0
build-7818,2025-09-23T16:34:09.729727,511,5671,0.09,0.78,0.089,False,True,65,238,0.32,0
build-2995,2025-09-19T16:34:09.729727,1582,16665,0.095,0.84,0.026,True,True,69,218,0.51,0
build-8323,2025-10-02T16:34:09.729727,230,7242,0.032,0.88,0.079,True,True,81,242,0.61,0
build-2150,2025-10-04T16:34:09.729727,1356,12083,0.112,0.72,0.071,True,True,85,180,0.23,0
build-5311,2025-09-30T16:34:09.729727,976,16775,0.058,0.85,0.036,True,True,72,273,0.1,0
build-6936,2025-09-15T16:34:09.729727,314,9620,0.033,0.9,0.026,True,False,80,189,0.51,0
build-8465,2025-09-30T16:34:09.729727,101,14344,0.007,0.76,0.078,True,True,74,171,0.66,0
build-6982,2025-09-16T16:34:09.729727,1562,15815,0.099,0.92,0.039,True,True,72,295,0.17,0
build-7882,2025-09-23T16:34:09.729727,408,17304,0.024,0.75,0.069,True,True,67,200,0.12,0
build-1711,2025-10-06T16:34:09.729727,1968,7584,0.259,0.74,0.018,False,False,87,224,0.22,0
build-2095,2025-10-09T16:34:09.729727,1303,7632,0.171,0.84,0.073,False,False,74,226,0.34,0
build-4808,2025-10-08T16:34:09.729727,619,11546,0.054,0.85,0.098,True,True,60,160,0.64,0
build-5705,2025-09-23T16:34:09.729727,1983,10248,0.194,0.83,0.077,False,False,87,157,0.59,0
build-1739,2025-09-26T16:34:09.729727,1773,18744,0.095,0.83,0.04,False,False,71,159,0.15,0
build-3989,2025-10-04T16:34:09.729727,1380,8976,0.154,0.83,0.064,False,False,77,177,0.24,0
build-4500,2025-10-03T16:34:09.729727,1415,16359,0.086,0.71,0.059,False,True,74,203,0.55,0
build-9796,2025-09-19T16:34:09.729727,964,11851,0.081,0.88,0.099,True,False,69,154,0.44,0
build-5767,2025-09-22T16:34:09.729727,252,17167,0.015,0.88,0.018,True,False,74,148,0.57,0
build-2988,2025-09-10T16:34:09.729727,1437,14766,0.097,0.75,0.041,False,True,65,292,0.16,0
build-4831,2025-09-24T16:34:09.730727,937,15264,0.061,0.75,0.084,True,False,88,192,0.55,0
build-9424,2025-10-05T16:34:09.730727,929,19367,0.048,0.92,0.066,True,False,65,270,0.77,1
build-8021,2025-10-02T16:34:09.730727,560,16338,0.034,0.93,0.084,False,True,64,143,0.28,0
build-8253,2025-09-23T16:34:09.730727,1222,9839,0.124,0.73,0.067,True,True,78,123,0.13,0
build-2428,2025-09-18T16:34:09.730727,548,12403,0.044,0.89,0.063,True,False,72,251,0.19,0
build-1948,2025-10-02T16:34:09.730727,1908,6626,0.288,0.78,0.033,False,True,73,291,0.84,0
build-6661,2025-09-15T16:34:09.730727,1026,16189,0.063,0.8,0.072,False,True,72,197,0.69,0
build-4644,2025-09-22T16:34:09.730727,1509,7691,0.196,0.8,0.081,True,True,78,239,0.56,0
build-3256,2025-10-10T16:34:09.730727,1828,10144,0.18,0.92,0.025,False,True,62,257,0.19,0
build-9578,2025-09-10T16:34:09.730727,1031,6029,0.171,0.86,0.045,True,True,82,191,0.23,0
build-7694,2025-09-22T16:34:09.730727,1303,16773,0.078,0.88,0.053,True,True,63,248,0.46,0
build-3741,2025-10-10T16:34:09.730727,1034,16314,0.063,0.79,0.068,False,False,89,151,0.23,0
build-2065,2025-09-25T16:34:09.730727,1583,12847,0.123,0.85,0.064,False,True,69,270,0.45,0
build-5701,2025-09-23T16:34:09.730727,1529,13526,0.113,0.84,0.088,False,False,65,184,0.43,0
build-1995,2025-09-11T16:34:09.730727,1208,5792,0.209,0.77,0.07,True,False,75,174,0.63,0
build-9160,2025-09-15T16:34:09.730727,1272,10544,0.121,0.82,0.019,False,True,67,137,0.41,0
build-3498,2025-09-18T16:34:09.730727,483,17621,0.027,0.93,0.043,True,False,71,148,0.51,0
build-4054,2025-09-17T16:34:09.730727,953,10025,0.095,0.75,0.044,True,False,78,296,0.8,1
build-4996,2025-10-03T16:34:09.730727,1644,15075,0.109,0.83,0.093,True,False,71,131,0.39,0
build-6339,2025-09-23T16:34:09.730727,1249,16459,0.076,0.87,0.076,False,False,65,230,0.78,1
build-1502,2025-09-29T16:34:09.730727,1205,11664,0.103,0.91,0.027,True,True,68,190,0.82,1
build-3084,2025-09-15T16:34:09.730727,116,14904,0.008,0.94,0.081,True,False,67,190,0.79,1
build-7584,2025-09-30T16:34:09.730727,512,7402,0.069,0.86,0.052,False,True,78,270,0.62,0
build-6255,2025-10-05T16:34:09.730727,1065,7173,0.148,0.77,0.039,True,False,83,221,0.17,0
build-7684,2025-10-08T16:34:09.730727,286,15257,0.019,0.74,0.088,False,False,80,299,0.58,0
build-1305,2025-10-01T16:34:09.730727,1703,10693,0.159,0.72,0.035,False,False,87,214,0.7,0
build-1931,2025-09-14T16:34:09.730727,1128,17560,0.064,0.79,0.075,False,False,61,165,0.35,0
build-5171,2025-09-19T16:34:09.730727,1475,13674,0.108,0.83,0.055,False,False,88,218,0.35,0
build-7157,2025-09-22T16:34:09.730727,604,10318,0.059,0.77,0.049,True,True,72,226,0.87,1
build-1194,2025-10-06T16:34:09.730727,1655,10903,0.152,0.87,0.014,False,False,90,297,0.48,0
build-8065,2025-10-08T16:34:09.730727,916,18544,0.049,0.86,0.08,False,False,62,155,0.14,0
build-4039,2025-10-08T16:34:09.730727,1950,19119,0.102,0.9,0.093,False,False,80,248,0.71,1
build-9171,2025-10-10T16:34:09.730727,1883,16492,0.114,0.75,0.016,False,False,73,230,0.4,0
build-3655,2025-10-07T16:34:09.730727,1230,11778,0.104,0.73,0.051,True,False,81,253,0.1,0
build-1784,2025-10-01T16:34:09.730727,1106,19347,0.057,0.92,0.089,False,True,62,157,0.64,0
build-3977,2025-09-20T16:34:09.730727,1624,8230,0.197,0.76,0.012,True,False,64,196,0.81,1
build-4031,2025-10-07T16:34:09.730727,1216,15313,0.079,0.87,0.045,False,False,81,285,0.55,0
build-9721,2025-09-29T16:34:09.730727,1216,10678,0.114,0.92,0.033,True,True,90,232,0.58,0
build-3709,2025-10-08T16:34:09.730727,883,10481,0.084,0.89,0.037,False,False,76,190,0.22,0
build-3644,2025-09-12T16:34:09.730727,1047,8486,0.123,0.82,0.016,False,True,66,217,0.53,0
build-8348,2025-09-30T16:34:09.730727,980,14566,0.067,0.83,0.08,True,False,73,267,0.73,1
build-6490,2025-09-14T16:34:09.730727,110,12608,0.009,0.85,0.075,True,False,73,274,0.71,1
build-1494,2025-09-14T16:34:09.730727,791,11523,0.069,0.74,0.019,True,True,77,188,0.28,0
build-3291,2025-10-02T16:34:09.730727,288,15053,0.019,0.8,0.042,False,False,77,209,0.9,1
build-2416,2025-10-09T16:34:09.730727,1407,17454,0.081,0.88,0.069,True,True,75,233,0.18,0
build-8321,2025-09-25T16:34:09.730727,1856,8807,0.211,0.78,0.073,False,True,75,161,0.37,0
build-7549,2025-09-24T16:34:09.730727,1444,5705,0.253,0.86,0.056,False,True,72,243,0.88,1
build-3430,2025-10-04T16:34:09.730727,1855,13023,0.142,0.94,0.078,False,True,78,201,0.59,0
build-9555,2025-09-20T16:34:09.730727,1686,6844,0.246,0.92,0.033,False,False,90,165,0.45,0
build-6433,2025-09-17T16:34:09.730727,1893,13095,0.145,0.84,0.073,False,False,60,267,0.36,0
build-1856,2025-09-12T16:34:09.730727,1698,12745,0.133,0.78,0.055,False,True,78,242,0.33,0
build-2431,2025-09-17T16:34:09.730727,1038,9546,0.109,0.95,0.032,True,False,87,173,0.52,0
build-5727,2025-09-13T16:34:09.730727,532,9602,0.055,0.79,0.08,False,False,63,300,0.87,1
build-1594,2025-09-16T16:34:09.730727,1525,6267,0.243,0.71,0.021,False,False,62,166,0.87,0
build-9094,2025-09-27T16:34:09.730727,125,5895,0.021,0.77,0.018,False,True,74,286,0.68,0
build-8802,2025-09-26T16:34:09.730727,1805,9774,0.185,0.81,0.091,True,False,89,183,0.3,0
build-2372,2025-09-19T16:34:09.730727,475,5710,0.083,0.8,0.044,False,True,68,145,0.45,0
build-6755,2025-09-13T16:34:09.730727,1146,16147,0.071,0.77,0.066,True,False,69,141,0.11,0
build-4965,2025-10-08T16:34:09.730727,785,10203,0.077,0.71,0.096,True,False,77,195,0.49,0
build-5998,2025-09-12T16:34:09.730727,1204,16136,0.075,0.91,0.04,True,True,73,231,0.21,0
build-7758,2025-09-24T16:34:09.730727,747,18477,0.04,0.78,0.098,False,False,67,206,0.19,0
build-5142,2025-10-09T16:34:09.730727,208,11678,0.018,0.9,0.093,True,True,89,183,0.84,0
build-7100,2025-10-09T16:34:09.730727,1823,17580,0.104,0.82,0.073,True,True,73,217,0.47,0
build-9346,2025-09-10T16:34:09.730727,1785,9164,0.195,0.76,0.094,True,False,73,146,0.8,1
build-5729,2025-09-15T16:34:09.730727,1584,11720,0.135,0.7,0.082,False,True,70,131,0.51,0
build-9187,2025-10-04T16:34:09.730727,309,13442,0.023,0.77,0.069,False,True,79,181,0.75,1
build-4628,2025-09-27T16:34:09.730727,669,17398,0.038,0.8,0.019,True,False,60,196,0.75,0
build-5895,2025-10-04T16:34:09.730727,1500,10413,0.144,0.8,0.058,True,True,67,203,0.81,1
build-2054,2025-09-20T16:34:09.730727,1205,14730,0.082,0.71,0.099,True,False,65,153,0.64,0
build-3854,2025-10-06T16:34:09.730727,1021,10730,0.095,0.94,0.063,True,True,60,234,0.56,0
build-9462,2025-10-01T16:34:09.730727,1255,9627,0.13,0.91,0.092,True,True,65,212,0.64,0
build-7098,2025-09-15T16:34:09.730727,1485,16683,0.089,0.8,0.096,True,False,86,237,0.66,0
build-2060,2025-10-06T16:34:09.730727,819,19414,0.042,0.71,0.067,True,True,72,222,0.32,0
build-5537,2025-09-27T16:34:09.730727,1069,16385,0.065,0.81,0.096,False,True,85,127,0.49,0
build-9823,2025-09-17T16:34:09.730727,759,5942,0.128,0.87,0.071,True,True,69,137,0.76,1
build-2054,2025-09-28T16:34:09.730727,835,14453,0.058,0.77,0.099,False,True,60,170,0.22,0
build-4370,2025-09-28T16:34:09.730727,709,9129,0.078,0.72,0.09,True,True,85,278,0.63,0
build-4696,2025-10-06T16:34:09.730727,473,18885,0.025,0.72,0.017,True,False,66,187,0.73,0
build-7360,2025-09-10T16:34:09.730727,1845,14080,0.131,0.77,0.059,True,True,83,291,0.5,0
build-2658,2025-09-14T16:34:09.730727,1797,13545,0.133,0.95,0.047,True,True,84,166,0.78,1
build-7216,2025-10-02T16:34:09.730727,1119,12038,0.093,0.77,0.049,False,False,62,237,0.51,0
build-8939,2025-09-30T16:34:09.730727,1579,12835,0.123,0.88,0.097,False,True,72,180,0.36,0
build-6741,2025-09-24T16:34:09.730727,1668,15106,0.11,0.73,0.09,False,True,76,157,0.14,0
build-5759,2025-10-07T16:34:09.730727,754,11203,0.067,0.79,0.025,False,True,63,296,0.46,0
build-9205,2025-09-27T16:34:09.730727,1127,16193,0.07,0.79,0.035,False,True,77,169,0.58,0
build-8950,2025-09-24T16:34:09.730727,944,19751,0.048,0.92,0.039,False,False,87,293,0.84,1
build-7800,2025-09-10T16:34:09.730727,1999,12784,0.156,0.88,0.089,False,False,75,162,0.8,1
build-3759,2025-10-09T16:34:09.730727,588,16624,0.035,0.72,0.092,True,False,63,162,0.33,0
build-8676,2025-09-10T16:34:09.730727,288,6921,0.042,0.75,0.042,False,False,82,200,0.66,0
build-6914,2025-10-08T16:34:09.730727,1424,6435,0.221,0.71,0.065,False,False,71,188,0.78,1
build-7535,2025-10-09T16:34:09.730727,1701,11244,0.151,0.94,0.093,False,False,63,191,0.4,0
build-6567,2025-09-14T16:34:09.730727,551,19897,0.028,0.75,0.039,False,False,72,220,0.67,0
build-1269,2025-09-22T16:34:09.730727,727,7017,0.104,0.9,0.08,False,True,64,214,0.72,1
build-3290,2025-09-14T16:34:09.730727,1896,9291,0.204,0.88,0.081,False,False,88,153,0.47,0
build-3015,2025-10-05T16:34:09.730727,1437,11244,0.128,0.83,0.056,False,True,73,156,0.26,0
build-4769,2025-09-22T16:34:09.730727,274,10779,0.025,0.76,0.058,True,True,74,272,0.33,0
build-7785,2025-09-30T16:34:09.730727,494,17721,0.028,0.84,0.096,False,True,73,284,0.28,0
build-8710,2025-09-19T16:34:09.730727,693,18750,0.037,0.73,0.082,True,True,84,166,0.33,0
build-4211,2025-09-28T16:34:09.730727,1022,14078,0.073,0.89,0.032,False,False,63,197,0.46,0
build-4097,2025-09-30T16:34:09.730727,1274,10280,0.124,0.91,0.037,False,False,84,243,0.33,0
build-2246,2025-10-10T16:34:09.730727,1177,13140,0.09,0.93,0.054,True,True,69,280,0.49,0
build-5721,2025-09-11T16:34:09.730727,395,6923,0.057,0.71,0.045,False,True,73,158,0.12,0
build-5865,2025-09-29T16:34:09.730727,754,10182,0.074,0.72,0.086,True,True,85,300,0.18,0
build-3064,2025-09-23T16:34:09.730727,1200,11451,0.105,0.82,0.022,True,True,78,228,0.58,0
build-2446,2025-09-28T16:34:09.730727,859,7093,0.121,0.76,0.095,False,False,82,297,0.57,0
build-7024,2025-10-04T16:34:09.730727,757,5139,0.147,0.92,0.032,True,True,74,137,0.64,0
build-4888,2025-09-11T16:34:09.730727,1649,7239,0.228,0.87,0.021,True,False,83,190,0.28,0
build-6810,2025-10-04T16:34:09.730727,969,10731,0.09,0.85,0.098,True,True,87,196,0.18,0
build-6610,2025-10-03T16:34:09.730727,742,9875,0.075,0.82,0.085,True,False,61,254,0.41,0
build-9682,2025-09-10T16:34:09.730727,1081,5300,0.204,0.78,0.018,False,False,82,291,0.79,1
build-9112,2025-09-30T16:34:09.730727,1697,9677,0.175,0.92,0.012,False,True,78,232,0.21,0
build-6260,2025-10-07T16:34:09.730727,1810,19268,0.094,0.88,0.049,True,True,63,203,0.69,0
